<?xml version="1.0" encoding="UTF-8" ?>
<labresultaat versie="9.0.0" applicatiecode="19" datum="2024-11-22" klantcode="188050" laboratorium="5" taal="dut">
 <projectgegevens>
   <idopdracht>40335</idopdracht>
   <projectcode>IB-2024-0149</projectcode>
   <projectnaam>WABO ALE5 OW</projectnaam>
   <opmerking></opmerking>
   <status>5</status>
   <certificaatnummer>1834008</certificaatnummer>
  <analysemonsters>
   <analysemonster>
    <idanlmons>613156849</idanlmons>
    <anlmons>ALE5_OW_MV01_S</anlmons>
    <monstersoort>18</monstersoort>
    <status>5</status>
    <opmerking></opmerking>
    <analyseresultaten>
     <analyseresultaat>
      <componentcode>111</componentcode>
      <meetwaarde>0.002</meetwaarde>
      <meetwaardeomschrijving>&lt; 0.002</meetwaardeomschrijving>
      <eenheidcode>59</eenheidcode>
      <referentiecode>5</referentiecode>
      <opmerking></opmerking>
      <certificering>5</certificering>
      <status>5</status>
     </analyseresultaat>
     <analyseresultaat>
      <componentcode>112</componentcode>
      <meetwaarde>0.002</meetwaarde>
      <meetwaardeomschrijving>&lt; 0.002</meetwaardeomschrijving>
      <eenheidcode>59</eenheidcode>
      <referentiecode>5</referentiecode>
      <opmerking></opmerking>
      <certificering>5</certificering>
      <status>5</status>
     </analyseresultaat>
     <analyseresultaat>
      <componentcode>113</componentcode>
      <meetwaarde>0.002</meetwaarde>
      <meetwaardeomschrijving>&lt; 0.002</meetwaardeomschrijving>
      <eenheidcode>59</eenheidcode>
      <referentiecode>5</referentiecode>
      <opmerking></opmerking>
      <certificering>5</certificering>
      <status>5</status>
     </analyseresultaat>
     <analyseresultaat>
      <componentcode>215</componentcode>
      <meetwaarde>0.002</meetwaarde>
      <meetwaardeomschrijving>&lt; 0.002</meetwaardeomschrijving>
      <eenheidcode>59</eenheidcode>
      <referentiecode>5</referentiecode>
      <opmerking></opmerking>
      <certificering>5</certificering>
      <status>5</status>
     </analyseresultaat>
     <analyseresultaat>
      <componentcode>216</componentcode>
      <meetwaarde>0.002</meetwaarde>
      <meetwaardeomschrijving>&lt; 0.002</meetwaardeomschrijving>
      <eenheidcode>59</eenheidcode>
      <referentiecode>5</referentiecode>
      <opmerking></opmerking>
      <certificering>5</certificering>
      <status>5</status>
     </analyseresultaat>
     <analyseresultaat>
      <componentcode>217</componentcode>
      <meetwaarde>0.002</meetwaarde>
      <meetwaardeomschrijving>&lt; 0.002</meetwaardeomschrijving>
      <eenheidcode>59</eenheidcode>
      <referentiecode>5</referentiecode>
      <opmerking></opmerking>
      <certificering>5</certificering>
      <status>5</status>
     </analyseresultaat>
     <analyseresultaat>
      <componentcode>268</componentcode>
      <meetwaarde>0.002</meetwaarde>
      <meetwaardeomschrijving>&lt; 0.002</meetwaardeomschrijving>
      <eenheidcode>59</eenheidcode>
      <referentiecode>5</referentiecode>
      <opmerking></opmerking>
      <certificering>5</certificering>
      <status>5</status>
     </analyseresultaat>
     <analyseresultaat>
      <componentcode>269</componentcode>
      <meetwaarde>0.002</meetwaarde>
      <meetwaardeomschrijving>&lt; 0.002</meetwaardeomschrijving>
      <eenheidcode>59</eenheidcode>
      <referentiecode>5</referentiecode>
      <opmerking></opmerking>
      <certificering>5</certificering>
      <status>5</status>
     </analyseresultaat>
     <analyseresultaat>
      <componentcode>271</componentcode>
      <meetwaarde>0.002</meetwaarde>
      <meetwaardeomschrijving>&lt; 0.002</meetwaardeomschrijving>
      <eenheidcode>59</eenheidcode>
      <referentiecode>5</referentiecode>
      <opmerking></opmerking>
      <certificering>5</certificering>
      <status>5</status>
     </analyseresultaat>
     <analyseresultaat>
      <componentcode>272</componentcode>
      <meetwaarde>0.002</meetwaarde>
      <meetwaardeomschrijving>&lt; 0.002</meetwaardeomschrijving>
      <eenheidcode>59</eenheidcode>
      <referentiecode>5</referentiecode>
      <opmerking></opmerking>
      <certificering>5</certificering>
      <status>5</status>
     </analyseresultaat>
     <analyseresultaat>
      <componentcode>299</componentcode>
      <meetwaarde>0.10</meetwaarde>
      <meetwaardeomschrijving>0.10</meetwaardeomschrijving>
      <eenheidcode>59</eenheidcode>
      <referentiecode>1</referentiecode>
      <opmerking></opmerking>
      <certificering>5</certificering>
      <status>5</status>
     </analyseresultaat>
     <analyseresultaat>
      <componentcode>310</componentcode>
      <meetwaarde>19</meetwaarde>
      <meetwaardeomschrijving>19</meetwaardeomschrijving>
      <eenheidcode>59</eenheidcode>
      <referentiecode>1</referentiecode>
      <opmerking></opmerking>
      <certificering>5</certificering>
      <status>5</status>
     </analyseresultaat>
     <analyseresultaat>
      <componentcode>333</componentcode>
      <meetwaarde>190</meetwaarde>
      <meetwaardeomschrijving>190</meetwaardeomschrijving>
      <eenheidcode>59</eenheidcode>
      <referentiecode>1</referentiecode>
      <opmerking></opmerking>
      <certificering>5</certificering>
      <status>5</status>
     </analyseresultaat>
     <analyseresultaat>
      <componentcode>345</componentcode>
      <meetwaarde>0.33</meetwaarde>
      <meetwaardeomschrijving>0.33</meetwaardeomschrijving>
      <eenheidcode>59</eenheidcode>
      <referentiecode>1</referentiecode>
      <opmerking></opmerking>
      <certificering>5</certificering>
      <status>5</status>
     </analyseresultaat>
     <analyseresultaat>
      <componentcode>346</componentcode>
      <meetwaarde>0.34</meetwaarde>
      <meetwaardeomschrijving>0.34</meetwaardeomschrijving>
      <eenheidcode>59</eenheidcode>
      <referentiecode>1</referentiecode>
      <opmerking></opmerking>
      <certificering>5</certificering>
      <status>5</status>
     </analyseresultaat>
     <analyseresultaat>
      <componentcode>351</componentcode>
      <meetwaarde>0.39</meetwaarde>
      <meetwaardeomschrijving>0.39</meetwaardeomschrijving>
      <eenheidcode>59</eenheidcode>
      <referentiecode>1</referentiecode>
      <opmerking></opmerking>
      <certificering>5</certificering>
      <status>5</status>
     </analyseresultaat>
     <analyseresultaat>
      <componentcode>353</componentcode>
      <meetwaarde>0.26</meetwaarde>
      <meetwaardeomschrijving>0.26</meetwaardeomschrijving>
      <eenheidcode>59</eenheidcode>
      <referentiecode>1</referentiecode>
      <opmerking></opmerking>
      <certificering>5</certificering>
      <status>5</status>
     </analyseresultaat>
     <analyseresultaat>
      <componentcode>366</componentcode>
      <meetwaarde>0.002</meetwaarde>
      <meetwaardeomschrijving>&lt; 0.002</meetwaardeomschrijving>
      <eenheidcode>59</eenheidcode>
      <referentiecode>5</referentiecode>
      <opmerking></opmerking>
      <certificering>5</certificering>
      <status>5</status>
     </analyseresultaat>
     <analyseresultaat>
      <componentcode>441</componentcode>
      <meetwaarde>0.77</meetwaarde>
      <meetwaardeomschrijving>0.77</meetwaardeomschrijving>
      <eenheidcode>59</eenheidcode>
      <referentiecode>1</referentiecode>
      <opmerking></opmerking>
      <certificering>5</certificering>
      <status>5</status>
     </analyseresultaat>
     <analyseresultaat>
      <componentcode>517</componentcode>
      <meetwaarde>36</meetwaarde>
      <meetwaardeomschrijving>36</meetwaardeomschrijving>
      <eenheidcode>59</eenheidcode>
      <referentiecode>1</referentiecode>
      <opmerking></opmerking>
      <certificering>5</certificering>
      <status>5</status>
     </analyseresultaat>
     <analyseresultaat>
      <componentcode>518</componentcode>
      <meetwaarde>0.38</meetwaarde>
      <meetwaardeomschrijving>0.38</meetwaardeomschrijving>
      <eenheidcode>59</eenheidcode>
      <referentiecode>1</referentiecode>
      <opmerking></opmerking>
      <certificering>5</certificering>
      <status>5</status>
     </analyseresultaat>
     <analyseresultaat>
      <componentcode>522</componentcode>
      <meetwaarde>0.002</meetwaarde>
      <meetwaardeomschrijving>&lt; 0.002</meetwaardeomschrijving>
      <eenheidcode>59</eenheidcode>
      <referentiecode>5</referentiecode>
      <opmerking></opmerking>
      <certificering>5</certificering>
      <status>5</status>
     </analyseresultaat>
     <analyseresultaat>
      <componentcode>527</componentcode>
      <meetwaarde>9.4</meetwaarde>
      <meetwaardeomschrijving>9.4</meetwaardeomschrijving>
      <eenheidcode>59</eenheidcode>
      <referentiecode>1</referentiecode>
      <opmerking></opmerking>
      <certificering>5</certificering>
      <status>5</status>
     </analyseresultaat>
     <analyseresultaat>
      <componentcode>552</componentcode>
      <meetwaarde>0.003</meetwaarde>
      <meetwaardeomschrijving>0.003</meetwaardeomschrijving>
      <eenheidcode>59</eenheidcode>
      <referentiecode>5</referentiecode>
      <opmerking></opmerking>
      <certificering>5</certificering>
      <status>5</status>
     </analyseresultaat>
     <analyseresultaat>
      <componentcode>553</componentcode>
      <meetwaarde>0.003</meetwaarde>
      <meetwaardeomschrijving>0.003</meetwaardeomschrijving>
      <eenheidcode>59</eenheidcode>
      <referentiecode>5</referentiecode>
      <opmerking></opmerking>
      <certificering>5</certificering>
      <status>5</status>
     </analyseresultaat>
     <analyseresultaat>
      <componentcode>554</componentcode>
      <meetwaarde>0.003</meetwaarde>
      <meetwaardeomschrijving>0.003</meetwaardeomschrijving>
      <eenheidcode>59</eenheidcode>
      <referentiecode>5</referentiecode>
      <opmerking></opmerking>
      <certificering>5</certificering>
      <status>5</status>
     </analyseresultaat>
     <analyseresultaat>
      <componentcode>555</componentcode>
      <meetwaarde>0.008</meetwaarde>
      <meetwaardeomschrijving>0.008</meetwaardeomschrijving>
      <eenheidcode>59</eenheidcode>
      <referentiecode>5</referentiecode>
      <opmerking></opmerking>
      <certificering>5</certificering>
      <status>5</status>
     </analyseresultaat>
     <analyseresultaat>
      <componentcode>562</componentcode>
      <meetwaarde>0.002</meetwaarde>
      <meetwaardeomschrijving>&lt; 0.002</meetwaardeomschrijving>
      <eenheidcode>59</eenheidcode>
      <referentiecode>5</referentiecode>
      <opmerking></opmerking>
      <certificering>5</certificering>
      <status>5</status>
     </analyseresultaat>
     <analyseresultaat>
      <componentcode>633</componentcode>
      <meetwaarde>0.002</meetwaarde>
      <meetwaardeomschrijving>&lt; 0.002</meetwaardeomschrijving>
      <eenheidcode>59</eenheidcode>
      <referentiecode>5</referentiecode>
      <opmerking></opmerking>
      <certificering>5</certificering>
      <status>5</status>
     </analyseresultaat>
     <analyseresultaat>
      <componentcode>689</componentcode>
      <meetwaarde>0.004</meetwaarde>
      <meetwaardeomschrijving>0.004</meetwaardeomschrijving>
      <eenheidcode>59</eenheidcode>
      <referentiecode>5</referentiecode>
      <opmerking></opmerking>
      <certificering>5</certificering>
      <status>5</status>
     </analyseresultaat>
     <analyseresultaat>
      <componentcode>692</componentcode>
      <meetwaarde>19.9</meetwaarde>
      <meetwaardeomschrijving>19.9</meetwaardeomschrijving>
      <eenheidcode>3</eenheidcode>
      <referentiecode>1</referentiecode>
      <opmerking></opmerking>
      <certificering>5</certificering>
      <status>5</status>
     </analyseresultaat>
     <analyseresultaat>
      <componentcode>703</componentcode>
      <meetwaarde>0.004</meetwaarde>
      <meetwaardeomschrijving>&lt; 0.004</meetwaardeomschrijving>
      <eenheidcode>59</eenheidcode>
      <referentiecode>5</referentiecode>
      <opmerking></opmerking>
      <certificering>5</certificering>
      <status>5</status>
     </analyseresultaat>
     <analyseresultaat>
      <componentcode>704</componentcode>
      <meetwaarde>0.002</meetwaarde>
      <meetwaardeomschrijving>&lt; 0.002</meetwaardeomschrijving>
      <eenheidcode>59</eenheidcode>
      <referentiecode>5</referentiecode>
      <opmerking></opmerking>
      <certificering>5</certificering>
      <status>5</status>
     </analyseresultaat>
     <analyseresultaat>
      <componentcode>746</componentcode>
      <meetwaarde>0.22</meetwaarde>
      <meetwaardeomschrijving>0.22</meetwaardeomschrijving>
      <eenheidcode>59</eenheidcode>
      <referentiecode>1</referentiecode>
      <opmerking></opmerking>
      <certificering>5</certificering>
      <status>5</status>
     </analyseresultaat>
     <analyseresultaat>
      <componentcode>775</componentcode>
      <meetwaarde>0.69</meetwaarde>
      <meetwaardeomschrijving>0.69</meetwaardeomschrijving>
      <eenheidcode>59</eenheidcode>
      <referentiecode>1</referentiecode>
      <opmerking></opmerking>
      <certificering>5</certificering>
      <status>5</status>
     </analyseresultaat>
     <analyseresultaat>
      <componentcode>816</componentcode>
      <meetwaarde>0.002</meetwaarde>
      <meetwaardeomschrijving>&lt; 0.002</meetwaardeomschrijving>
      <eenheidcode>59</eenheidcode>
      <referentiecode>5</referentiecode>
      <opmerking></opmerking>
      <certificering>5</certificering>
      <status>5</status>
     </analyseresultaat>
     <analyseresultaat>
      <componentcode>831</componentcode>
      <meetwaarde>73.3</meetwaarde>
      <meetwaardeomschrijving>73.3</meetwaardeomschrijving>
      <eenheidcode>123</eenheidcode>
      <referentiecode>1</referentiecode>
      <opmerking></opmerking>
      <certificering>2</certificering>
      <status>5</status>
     </analyseresultaat>
     <analyseresultaat>
      <componentcode>835</componentcode>
      <meetwaarde>26.7</meetwaarde>
      <meetwaardeomschrijving>26.7</meetwaardeomschrijving>
      <eenheidcode>123</eenheidcode>
      <referentiecode>1</referentiecode>
      <opmerking></opmerking>
      <certificering>2</certificering>
      <status>5</status>
     </analyseresultaat>
     <analyseresultaat>
      <componentcode>849</componentcode>
      <meetwaarde>0.006</meetwaarde>
      <meetwaardeomschrijving>0.006</meetwaardeomschrijving>
      <eenheidcode>59</eenheidcode>
      <referentiecode>5</referentiecode>
      <opmerking></opmerking>
      <certificering>5</certificering>
      <status>5</status>
     </analyseresultaat>
     <analyseresultaat>
      <componentcode>853</componentcode>
      <meetwaarde>0.002</meetwaarde>
      <meetwaardeomschrijving>&lt; 0.002</meetwaardeomschrijving>
      <eenheidcode>59</eenheidcode>
      <referentiecode>5</referentiecode>
      <opmerking></opmerking>
      <certificering>5</certificering>
      <status>5</status>
     </analyseresultaat>
     <analyseresultaat>
      <componentcode>861</componentcode>
      <meetwaarde>0.002</meetwaarde>
      <meetwaardeomschrijving>&lt; 0.002</meetwaardeomschrijving>
      <eenheidcode>59</eenheidcode>
      <referentiecode>5</referentiecode>
      <opmerking></opmerking>
      <certificering>5</certificering>
      <status>5</status>
     </analyseresultaat>
     <analyseresultaat>
      <componentcode>879</componentcode>
      <meetwaarde>38000</meetwaarde>
      <meetwaardeomschrijving>38000</meetwaardeomschrijving>
      <eenheidcode>59</eenheidcode>
      <referentiecode>1</referentiecode>
      <opmerking></opmerking>
      <certificering>2</certificering>
      <status>5</status>
     </analyseresultaat>
     <analyseresultaat>
      <componentcode>882</componentcode>
      <meetwaarde>0.45</meetwaarde>
      <meetwaardeomschrijving>0.45</meetwaardeomschrijving>
      <eenheidcode>59</eenheidcode>
      <referentiecode>1</referentiecode>
      <opmerking></opmerking>
      <certificering>5</certificering>
      <status>5</status>
     </analyseresultaat>
     <analyseresultaat>
      <componentcode>907</componentcode>
      <meetwaarde>0.002</meetwaarde>
      <meetwaardeomschrijving>&lt; 0.002</meetwaardeomschrijving>
      <eenheidcode>59</eenheidcode>
      <referentiecode>5</referentiecode>
      <opmerking></opmerking>
      <certificering>5</certificering>
      <status>5</status>
     </analyseresultaat>
     <analyseresultaat>
      <componentcode>971</componentcode>
      <meetwaarde>54</meetwaarde>
      <meetwaardeomschrijving>54</meetwaardeomschrijving>
      <eenheidcode>59</eenheidcode>
      <referentiecode>1</referentiecode>
      <opmerking></opmerking>
      <certificering>5</certificering>
      <status>5</status>
     </analyseresultaat>
     <analyseresultaat>
      <componentcode>980</componentcode>
      <meetwaarde>44.1</meetwaarde>
      <meetwaardeomschrijving>44.1</meetwaardeomschrijving>
      <eenheidcode>123</eenheidcode>
      <referentiecode>1</referentiecode>
      <opmerking></opmerking>
      <certificering>1</certificering>
      <status>5</status>
     </analyseresultaat>
     <analyseresultaat>
      <componentcode>984</componentcode>
      <meetwaarde>71.0</meetwaarde>
      <meetwaardeomschrijving>71.0</meetwaardeomschrijving>
      <eenheidcode>123</eenheidcode>
      <referentiecode>1</referentiecode>
      <opmerking></opmerking>
      <certificering>2</certificering>
      <status>5</status>
     </analyseresultaat>
     <analyseresultaat>
      <componentcode>992</componentcode>
      <meetwaarde>48.0</meetwaarde>
      <meetwaardeomschrijving>48.0</meetwaardeomschrijving>
      <eenheidcode>123</eenheidcode>
      <referentiecode>1</referentiecode>
      <opmerking></opmerking>
      <certificering>2</certificering>
      <status>5</status>
     </analyseresultaat>
     <analyseresultaat>
      <componentcode>996</componentcode>
      <meetwaarde>26.3</meetwaarde>
      <meetwaardeomschrijving>26.3</meetwaardeomschrijving>
      <eenheidcode>123</eenheidcode>
      <referentiecode>1</referentiecode>
      <opmerking></opmerking>
      <certificering>2</certificering>
      <status>5</status>
     </analyseresultaat>
     <analyseresultaat>
      <componentcode>1011</componentcode>
      <meetwaarde>29.1</meetwaarde>
      <meetwaardeomschrijving>29.1</meetwaardeomschrijving>
      <eenheidcode>123</eenheidcode>
      <referentiecode>1</referentiecode>
      <opmerking></opmerking>
      <certificering>2</certificering>
      <status>5</status>
     </analyseresultaat>
     <analyseresultaat>
      <componentcode>1097</componentcode>
      <meetwaarde>0.25</meetwaarde>
      <meetwaardeomschrijving>0.25</meetwaardeomschrijving>
      <eenheidcode>59</eenheidcode>
      <referentiecode>1</referentiecode>
      <opmerking></opmerking>
      <certificering>5</certificering>
      <status>5</status>
     </analyseresultaat>
     <analyseresultaat>
      <componentcode>1116</componentcode>
      <meetwaarde>140</meetwaarde>
      <meetwaardeomschrijving>140</meetwaardeomschrijving>
      <eenheidcode>59</eenheidcode>
      <referentiecode>1</referentiecode>
      <opmerking></opmerking>
      <certificering>5</certificering>
      <status>5</status>
     </analyseresultaat>
     <analyseresultaat>
      <componentcode>1118</componentcode>
      <meetwaarde>22.9</meetwaarde>
      <meetwaardeomschrijving>22.9</meetwaardeomschrijving>
      <eenheidcode>123</eenheidcode>
      <referentiecode>1</referentiecode>
      <opmerking></opmerking>
      <certificering>5</certificering>
      <status>5</status>
     </analyseresultaat>
     <analyseresultaat>
      <componentcode>1207</componentcode>
      <meetwaarde>710</meetwaarde>
      <meetwaardeomschrijving>710</meetwaardeomschrijving>
      <eenheidcode>59</eenheidcode>
      <referentiecode>1</referentiecode>
      <opmerking></opmerking>
      <certificering>5</certificering>
      <status>5</status>
     </analyseresultaat>
     <analyseresultaat>
      <componentcode>1243</componentcode>
      <meetwaarde>4.1</meetwaarde>
      <meetwaardeomschrijving>4.1</meetwaardeomschrijving>
      <eenheidcode>59</eenheidcode>
      <referentiecode>1</referentiecode>
      <opmerking></opmerking>
      <certificering>5</certificering>
      <status>5</status>
     </analyseresultaat>
     <analyseresultaat>
      <componentcode>1259</componentcode>
      <meetwaarde>0.05</meetwaarde>
      <meetwaardeomschrijving>&lt; 0.05</meetwaardeomschrijving>
      <eenheidcode>59</eenheidcode>
      <referentiecode>2</referentiecode>
      <opmerking></opmerking>
      <certificering>5</certificering>
      <status>5</status>
     </analyseresultaat>
     <analyseresultaat>
      <componentcode>1267</componentcode>
      <meetwaarde>31</meetwaarde>
      <meetwaardeomschrijving>31</meetwaardeomschrijving>
      <eenheidcode>59</eenheidcode>
      <referentiecode>1</referentiecode>
      <opmerking></opmerking>
      <certificering>5</certificering>
      <status>5</status>
     </analyseresultaat>
     <analyseresultaat>
      <componentcode>1319</componentcode>
      <meetwaarde>25.1</meetwaarde>
      <meetwaardeomschrijving>25.1</meetwaardeomschrijving>
      <eenheidcode>123</eenheidcode>
      <referentiecode>1</referentiecode>
      <opmerking></opmerking>
      <certificering>5</certificering>
      <status>5</status>
     </analyseresultaat>
     <analyseresultaat>
      <componentcode>1352</componentcode>
      <meetwaarde>3.2</meetwaarde>
      <meetwaardeomschrijving>3.2</meetwaardeomschrijving>
      <eenheidcode>59</eenheidcode>
      <referentiecode>1</referentiecode>
      <opmerking></opmerking>
      <certificering>5</certificering>
      <status>5</status>
     </analyseresultaat>
     <analyseresultaat>
      <componentcode>1372</componentcode>
      <meetwaarde>0.003</meetwaarde>
      <meetwaardeomschrijving>0.003</meetwaardeomschrijving>
      <eenheidcode>59</eenheidcode>
      <referentiecode>1</referentiecode>
      <opmerking></opmerking>
      <certificering>5</certificering>
      <status>5</status>
     </analyseresultaat>
     <analyseresultaat>
      <componentcode>1374</componentcode>
      <meetwaarde>0.002</meetwaarde>
      <meetwaardeomschrijving>&lt; 0.002</meetwaardeomschrijving>
      <eenheidcode>59</eenheidcode>
      <referentiecode>5</referentiecode>
      <opmerking></opmerking>
      <certificering>5</certificering>
      <status>5</status>
     </analyseresultaat>
     <analyseresultaat>
      <componentcode>1376</componentcode>
      <meetwaarde>0.006</meetwaarde>
      <meetwaardeomschrijving>0.006</meetwaardeomschrijving>
      <eenheidcode>59</eenheidcode>
      <referentiecode>1</referentiecode>
      <opmerking></opmerking>
      <certificering>5</certificering>
      <status>5</status>
     </analyseresultaat>
     <analyseresultaat>
      <componentcode>1377</componentcode>
      <meetwaarde>0.006</meetwaarde>
      <meetwaardeomschrijving>0.006</meetwaardeomschrijving>
      <eenheidcode>59</eenheidcode>
      <referentiecode>1</referentiecode>
      <opmerking></opmerking>
      <certificering>5</certificering>
      <status>5</status>
     </analyseresultaat>
     <analyseresultaat>
      <componentcode>1380</componentcode>
      <meetwaarde>0.005</meetwaarde>
      <meetwaardeomschrijving>0.005</meetwaardeomschrijving>
      <eenheidcode>59</eenheidcode>
      <referentiecode>1</referentiecode>
      <opmerking></opmerking>
      <certificering>5</certificering>
      <status>5</status>
     </analyseresultaat>
     <analyseresultaat>
      <componentcode>1381</componentcode>
      <meetwaarde>0.002</meetwaarde>
      <meetwaardeomschrijving>&lt; 0.002</meetwaardeomschrijving>
      <eenheidcode>59</eenheidcode>
      <referentiecode>5</referentiecode>
      <opmerking></opmerking>
      <certificering>5</certificering>
      <status>5</status>
     </analyseresultaat>
     <analyseresultaat>
      <componentcode>1382</componentcode>
      <meetwaarde>0.002</meetwaarde>
      <meetwaardeomschrijving>&lt; 0.002</meetwaardeomschrijving>
      <eenheidcode>59</eenheidcode>
      <referentiecode>5</referentiecode>
      <opmerking></opmerking>
      <certificering>5</certificering>
      <status>5</status>
     </analyseresultaat>
     <analyseresultaat>
      <componentcode>1387</componentcode>
      <meetwaarde>0.002</meetwaarde>
      <meetwaardeomschrijving>&lt; 0.002</meetwaardeomschrijving>
      <eenheidcode>59</eenheidcode>
      <referentiecode>5</referentiecode>
      <opmerking></opmerking>
      <certificering>5</certificering>
      <status>5</status>
     </analyseresultaat>
     <analyseresultaat>
      <componentcode>1390</componentcode>
      <meetwaarde>0.003</meetwaarde>
      <meetwaardeomschrijving>&lt;0.003</meetwaardeomschrijving>
      <eenheidcode>59</eenheidcode>
      <referentiecode>2</referentiecode>
      <opmerking></opmerking>
      <certificering>5</certificering>
      <status>5</status>
     </analyseresultaat>
     <analyseresultaat>
      <componentcode>1521</componentcode>
      <meetwaarde>0.002</meetwaarde>
      <meetwaardeomschrijving>&lt; 0.002</meetwaardeomschrijving>
      <eenheidcode>59</eenheidcode>
      <referentiecode>5</referentiecode>
      <opmerking></opmerking>
      <certificering>5</certificering>
      <status>5</status>
     </analyseresultaat>
     <analyseresultaat>
      <componentcode>1580</componentcode>
      <meetwaarde>0.002</meetwaarde>
      <meetwaardeomschrijving>&lt; 0.002</meetwaardeomschrijving>
      <eenheidcode>59</eenheidcode>
      <referentiecode>5</referentiecode>
      <opmerking></opmerking>
      <certificering>5</certificering>
      <status>5</status>
     </analyseresultaat>
     <analyseresultaat>
      <componentcode>1581</componentcode>
      <meetwaarde>0.002</meetwaarde>
      <meetwaardeomschrijving>&lt; 0.002</meetwaardeomschrijving>
      <eenheidcode>59</eenheidcode>
      <referentiecode>5</referentiecode>
      <opmerking></opmerking>
      <certificering>5</certificering>
      <status>5</status>
     </analyseresultaat>
     <analyseresultaat>
      <componentcode>1693</componentcode>
      <meetwaarde>400</meetwaarde>
      <meetwaardeomschrijving>400</meetwaardeomschrijving>
      <eenheidcode>59</eenheidcode>
      <referentiecode>1</referentiecode>
      <opmerking></opmerking>
      <certificering>5</certificering>
      <status>5</status>
     </analyseresultaat>
     <analyseresultaat>
      <componentcode>2146</componentcode>
      <meetwaarde>0.002</meetwaarde>
      <meetwaardeomschrijving>&lt; 0.002</meetwaardeomschrijving>
      <eenheidcode>59</eenheidcode>
      <referentiecode>5</referentiecode>
      <opmerking></opmerking>
      <certificering>5</certificering>
      <status>5</status>
     </analyseresultaat>
     <analyseresultaat>
      <componentcode>2380</componentcode>
      <meetwaarde>0.024</meetwaarde>
      <meetwaardeomschrijving>0.024</meetwaardeomschrijving>
      <eenheidcode>59</eenheidcode>
      <referentiecode>5</referentiecode>
      <opmerking></opmerking>
      <certificering>5</certificering>
      <status>5</status>
     </analyseresultaat>
     <analyseresultaat>
      <componentcode>2385</componentcode>
      <meetwaarde>0.003</meetwaarde>
      <meetwaardeomschrijving>0.003</meetwaardeomschrijving>
      <eenheidcode>59</eenheidcode>
      <referentiecode>5</referentiecode>
      <opmerking></opmerking>
      <certificering>5</certificering>
      <status>5</status>
     </analyseresultaat>
     <analyseresultaat>
      <componentcode>2386</componentcode>
      <meetwaarde>0.003</meetwaarde>
      <meetwaardeomschrijving>0.003</meetwaardeomschrijving>
      <eenheidcode>59</eenheidcode>
      <referentiecode>5</referentiecode>
      <opmerking></opmerking>
      <certificering>5</certificering>
      <status>5</status>
     </analyseresultaat>
     <analyseresultaat>
      <componentcode>2571</componentcode>
      <meetwaarde>0.029</meetwaarde>
      <meetwaardeomschrijving>0.029</meetwaardeomschrijving>
      <eenheidcode>59</eenheidcode>
      <referentiecode>5</referentiecode>
      <opmerking></opmerking>
      <certificering>1</certificering>
      <status>5</status>
     </analyseresultaat>
     <analyseresultaat>
      <componentcode>2717</componentcode>
      <meetwaarde>0.034</meetwaarde>
      <meetwaardeomschrijving>0.034</meetwaardeomschrijving>
      <eenheidcode>59</eenheidcode>
      <referentiecode>5</referentiecode>
      <opmerking></opmerking>
      <certificering>1</certificering>
      <status>5</status>
     </analyseresultaat>
     <analyseresultaat>
      <componentcode>4188</componentcode>
      <meetwaarde>1600</meetwaarde>
      <meetwaardeomschrijving>1600</meetwaardeomschrijving>
      <eenheidcode>109</eenheidcode>
      <referentiecode>1</referentiecode>
      <opmerking></opmerking>
      <certificering>2</certificering>
      <status>5</status>
     </analyseresultaat>
    </analyseresultaten>
   </analysemonster>
   <analysemonster>
    <idanlmons>613156850</idanlmons>
    <anlmons>ALE5_OW_MV02_S</anlmons>
    <monstersoort>18</monstersoort>
    <status>5</status>
    <opmerking></opmerking>
    <analyseresultaten>
     <analyseresultaat>
      <componentcode>111</componentcode>
      <meetwaarde>0.001</meetwaarde>
      <meetwaardeomschrijving>0.001</meetwaardeomschrijving>
      <eenheidcode>59</eenheidcode>
      <referentiecode>1</referentiecode>
      <opmerking></opmerking>
      <certificering>5</certificering>
      <status>5</status>
     </analyseresultaat>
     <analyseresultaat>
      <componentcode>112</componentcode>
      <meetwaarde>0.001</meetwaarde>
      <meetwaardeomschrijving>&lt; 0.001</meetwaardeomschrijving>
      <eenheidcode>59</eenheidcode>
      <referentiecode>2</referentiecode>
      <opmerking></opmerking>
      <certificering>5</certificering>
      <status>5</status>
     </analyseresultaat>
     <analyseresultaat>
      <componentcode>113</componentcode>
      <meetwaarde>0.001</meetwaarde>
      <meetwaardeomschrijving>&lt; 0.001</meetwaardeomschrijving>
      <eenheidcode>59</eenheidcode>
      <referentiecode>2</referentiecode>
      <opmerking></opmerking>
      <certificering>5</certificering>
      <status>5</status>
     </analyseresultaat>
     <analyseresultaat>
      <componentcode>215</componentcode>
      <meetwaarde>0.004</meetwaarde>
      <meetwaardeomschrijving>0.004</meetwaardeomschrijving>
      <eenheidcode>59</eenheidcode>
      <referentiecode>1</referentiecode>
      <opmerking></opmerking>
      <certificering>5</certificering>
      <status>5</status>
     </analyseresultaat>
     <analyseresultaat>
      <componentcode>216</componentcode>
      <meetwaarde>0.004</meetwaarde>
      <meetwaardeomschrijving>0.004</meetwaardeomschrijving>
      <eenheidcode>59</eenheidcode>
      <referentiecode>1</referentiecode>
      <opmerking></opmerking>
      <certificering>5</certificering>
      <status>5</status>
     </analyseresultaat>
     <analyseresultaat>
      <componentcode>217</componentcode>
      <meetwaarde>0.001</meetwaarde>
      <meetwaardeomschrijving>&lt; 0.001</meetwaardeomschrijving>
      <eenheidcode>59</eenheidcode>
      <referentiecode>2</referentiecode>
      <opmerking></opmerking>
      <certificering>5</certificering>
      <status>5</status>
     </analyseresultaat>
     <analyseresultaat>
      <componentcode>268</componentcode>
      <meetwaarde>0.001</meetwaarde>
      <meetwaardeomschrijving>&lt; 0.001</meetwaardeomschrijving>
      <eenheidcode>59</eenheidcode>
      <referentiecode>2</referentiecode>
      <opmerking></opmerking>
      <certificering>5</certificering>
      <status>5</status>
     </analyseresultaat>
     <analyseresultaat>
      <componentcode>269</componentcode>
      <meetwaarde>0.001</meetwaarde>
      <meetwaardeomschrijving>&lt; 0.001</meetwaardeomschrijving>
      <eenheidcode>59</eenheidcode>
      <referentiecode>2</referentiecode>
      <opmerking></opmerking>
      <certificering>5</certificering>
      <status>5</status>
     </analyseresultaat>
     <analyseresultaat>
      <componentcode>271</componentcode>
      <meetwaarde>0.001</meetwaarde>
      <meetwaardeomschrijving>&lt; 0.001</meetwaardeomschrijving>
      <eenheidcode>59</eenheidcode>
      <referentiecode>2</referentiecode>
      <opmerking></opmerking>
      <certificering>5</certificering>
      <status>5</status>
     </analyseresultaat>
     <analyseresultaat>
      <componentcode>272</componentcode>
      <meetwaarde>0.001</meetwaarde>
      <meetwaardeomschrijving>&lt; 0.001</meetwaardeomschrijving>
      <eenheidcode>59</eenheidcode>
      <referentiecode>2</referentiecode>
      <opmerking></opmerking>
      <certificering>5</certificering>
      <status>5</status>
     </analyseresultaat>
     <analyseresultaat>
      <componentcode>299</componentcode>
      <meetwaarde>0.74</meetwaarde>
      <meetwaardeomschrijving>0.74</meetwaardeomschrijving>
      <eenheidcode>59</eenheidcode>
      <referentiecode>1</referentiecode>
      <opmerking></opmerking>
      <certificering>5</certificering>
      <status>5</status>
     </analyseresultaat>
     <analyseresultaat>
      <componentcode>310</componentcode>
      <meetwaarde>17</meetwaarde>
      <meetwaardeomschrijving>17</meetwaardeomschrijving>
      <eenheidcode>59</eenheidcode>
      <referentiecode>1</referentiecode>
      <opmerking></opmerking>
      <certificering>5</certificering>
      <status>5</status>
     </analyseresultaat>
     <analyseresultaat>
      <componentcode>333</componentcode>
      <meetwaarde>220</meetwaarde>
      <meetwaardeomschrijving>220</meetwaardeomschrijving>
      <eenheidcode>59</eenheidcode>
      <referentiecode>1</referentiecode>
      <opmerking></opmerking>
      <certificering>5</certificering>
      <status>5</status>
     </analyseresultaat>
     <analyseresultaat>
      <componentcode>345</componentcode>
      <meetwaarde>1.1</meetwaarde>
      <meetwaardeomschrijving>1.1</meetwaardeomschrijving>
      <eenheidcode>59</eenheidcode>
      <referentiecode>1</referentiecode>
      <opmerking></opmerking>
      <certificering>5</certificering>
      <status>5</status>
     </analyseresultaat>
     <analyseresultaat>
      <componentcode>346</componentcode>
      <meetwaarde>1.2</meetwaarde>
      <meetwaardeomschrijving>1.2</meetwaardeomschrijving>
      <eenheidcode>59</eenheidcode>
      <referentiecode>1</referentiecode>
      <opmerking></opmerking>
      <certificering>5</certificering>
      <status>5</status>
     </analyseresultaat>
     <analyseresultaat>
      <componentcode>351</componentcode>
      <meetwaarde>1.1</meetwaarde>
      <meetwaardeomschrijving>1.1</meetwaardeomschrijving>
      <eenheidcode>59</eenheidcode>
      <referentiecode>1</referentiecode>
      <opmerking></opmerking>
      <certificering>5</certificering>
      <status>5</status>
     </analyseresultaat>
     <analyseresultaat>
      <componentcode>353</componentcode>
      <meetwaarde>0.91</meetwaarde>
      <meetwaardeomschrijving>0.91</meetwaardeomschrijving>
      <eenheidcode>59</eenheidcode>
      <referentiecode>1</referentiecode>
      <opmerking></opmerking>
      <certificering>5</certificering>
      <status>5</status>
     </analyseresultaat>
     <analyseresultaat>
      <componentcode>366</componentcode>
      <meetwaarde>0.001</meetwaarde>
      <meetwaardeomschrijving>&lt; 0.001</meetwaardeomschrijving>
      <eenheidcode>59</eenheidcode>
      <referentiecode>2</referentiecode>
      <opmerking></opmerking>
      <certificering>5</certificering>
      <status>5</status>
     </analyseresultaat>
     <analyseresultaat>
      <componentcode>441</componentcode>
      <meetwaarde>0.73</meetwaarde>
      <meetwaardeomschrijving>0.73</meetwaardeomschrijving>
      <eenheidcode>59</eenheidcode>
      <referentiecode>1</referentiecode>
      <opmerking></opmerking>
      <certificering>5</certificering>
      <status>5</status>
     </analyseresultaat>
     <analyseresultaat>
      <componentcode>517</componentcode>
      <meetwaarde>36</meetwaarde>
      <meetwaardeomschrijving>36</meetwaardeomschrijving>
      <eenheidcode>59</eenheidcode>
      <referentiecode>1</referentiecode>
      <opmerking></opmerking>
      <certificering>5</certificering>
      <status>5</status>
     </analyseresultaat>
     <analyseresultaat>
      <componentcode>518</componentcode>
      <meetwaarde>1.5</meetwaarde>
      <meetwaardeomschrijving>1.5</meetwaardeomschrijving>
      <eenheidcode>59</eenheidcode>
      <referentiecode>1</referentiecode>
      <opmerking></opmerking>
      <certificering>5</certificering>
      <status>5</status>
     </analyseresultaat>
     <analyseresultaat>
      <componentcode>522</componentcode>
      <meetwaarde>0.001</meetwaarde>
      <meetwaardeomschrijving>&lt; 0.001</meetwaardeomschrijving>
      <eenheidcode>59</eenheidcode>
      <referentiecode>2</referentiecode>
      <opmerking></opmerking>
      <certificering>5</certificering>
      <status>5</status>
     </analyseresultaat>
     <analyseresultaat>
      <componentcode>527</componentcode>
      <meetwaarde>9.8</meetwaarde>
      <meetwaardeomschrijving>9.8</meetwaardeomschrijving>
      <eenheidcode>59</eenheidcode>
      <referentiecode>1</referentiecode>
      <opmerking></opmerking>
      <certificering>5</certificering>
      <status>5</status>
     </analyseresultaat>
     <analyseresultaat>
      <componentcode>552</componentcode>
      <meetwaarde>0.005</meetwaarde>
      <meetwaardeomschrijving>0.005</meetwaardeomschrijving>
      <eenheidcode>59</eenheidcode>
      <referentiecode>1</referentiecode>
      <opmerking></opmerking>
      <certificering>5</certificering>
      <status>5</status>
     </analyseresultaat>
     <analyseresultaat>
      <componentcode>553</componentcode>
      <meetwaarde>0.005</meetwaarde>
      <meetwaardeomschrijving>0.005</meetwaardeomschrijving>
      <eenheidcode>59</eenheidcode>
      <referentiecode>1</referentiecode>
      <opmerking></opmerking>
      <certificering>5</certificering>
      <status>5</status>
     </analyseresultaat>
     <analyseresultaat>
      <componentcode>554</componentcode>
      <meetwaarde>0.001</meetwaarde>
      <meetwaardeomschrijving>0.001</meetwaardeomschrijving>
      <eenheidcode>59</eenheidcode>
      <referentiecode>6</referentiecode>
      <opmerking></opmerking>
      <certificering>5</certificering>
      <status>5</status>
     </analyseresultaat>
     <analyseresultaat>
      <componentcode>555</componentcode>
      <meetwaarde>0.011</meetwaarde>
      <meetwaardeomschrijving>0.011</meetwaardeomschrijving>
      <eenheidcode>59</eenheidcode>
      <referentiecode>1</referentiecode>
      <opmerking></opmerking>
      <certificering>5</certificering>
      <status>5</status>
     </analyseresultaat>
     <analyseresultaat>
      <componentcode>562</componentcode>
      <meetwaarde>0.001</meetwaarde>
      <meetwaardeomschrijving>&lt; 0.001</meetwaardeomschrijving>
      <eenheidcode>59</eenheidcode>
      <referentiecode>2</referentiecode>
      <opmerking></opmerking>
      <certificering>5</certificering>
      <status>5</status>
     </analyseresultaat>
     <analyseresultaat>
      <componentcode>633</componentcode>
      <meetwaarde>0.001</meetwaarde>
      <meetwaardeomschrijving>&lt; 0.001</meetwaardeomschrijving>
      <eenheidcode>59</eenheidcode>
      <referentiecode>2</referentiecode>
      <opmerking></opmerking>
      <certificering>5</certificering>
      <status>5</status>
     </analyseresultaat>
     <analyseresultaat>
      <componentcode>689</componentcode>
      <meetwaarde>0.002</meetwaarde>
      <meetwaardeomschrijving>0.002</meetwaardeomschrijving>
      <eenheidcode>59</eenheidcode>
      <referentiecode>6</referentiecode>
      <opmerking></opmerking>
      <certificering>5</certificering>
      <status>5</status>
     </analyseresultaat>
     <analyseresultaat>
      <componentcode>692</componentcode>
      <meetwaarde>22.8</meetwaarde>
      <meetwaardeomschrijving>22.8</meetwaardeomschrijving>
      <eenheidcode>3</eenheidcode>
      <referentiecode>1</referentiecode>
      <opmerking></opmerking>
      <certificering>5</certificering>
      <status>5</status>
     </analyseresultaat>
     <analyseresultaat>
      <componentcode>703</componentcode>
      <meetwaarde>0.002</meetwaarde>
      <meetwaardeomschrijving>&lt; 0.002</meetwaardeomschrijving>
      <eenheidcode>59</eenheidcode>
      <referentiecode>2</referentiecode>
      <opmerking></opmerking>
      <certificering>5</certificering>
      <status>5</status>
     </analyseresultaat>
     <analyseresultaat>
      <componentcode>704</componentcode>
      <meetwaarde>0.001</meetwaarde>
      <meetwaardeomschrijving>&lt; 0.001</meetwaardeomschrijving>
      <eenheidcode>59</eenheidcode>
      <referentiecode>2</referentiecode>
      <opmerking></opmerking>
      <certificering>5</certificering>
      <status>5</status>
     </analyseresultaat>
     <analyseresultaat>
      <componentcode>746</componentcode>
      <meetwaarde>1.2</meetwaarde>
      <meetwaardeomschrijving>1.2</meetwaardeomschrijving>
      <eenheidcode>59</eenheidcode>
      <referentiecode>1</referentiecode>
      <opmerking></opmerking>
      <certificering>5</certificering>
      <status>5</status>
     </analyseresultaat>
     <analyseresultaat>
      <componentcode>775</componentcode>
      <meetwaarde>2.8</meetwaarde>
      <meetwaardeomschrijving>2.8</meetwaardeomschrijving>
      <eenheidcode>59</eenheidcode>
      <referentiecode>1</referentiecode>
      <opmerking></opmerking>
      <certificering>5</certificering>
      <status>5</status>
     </analyseresultaat>
     <analyseresultaat>
      <componentcode>816</componentcode>
      <meetwaarde>0.001</meetwaarde>
      <meetwaardeomschrijving>&lt; 0.001</meetwaardeomschrijving>
      <eenheidcode>59</eenheidcode>
      <referentiecode>2</referentiecode>
      <opmerking></opmerking>
      <certificering>5</certificering>
      <status>5</status>
     </analyseresultaat>
     <analyseresultaat>
      <componentcode>831</componentcode>
      <meetwaarde>72.6</meetwaarde>
      <meetwaardeomschrijving>72.6</meetwaardeomschrijving>
      <eenheidcode>123</eenheidcode>
      <referentiecode>1</referentiecode>
      <opmerking></opmerking>
      <certificering>2</certificering>
      <status>5</status>
     </analyseresultaat>
     <analyseresultaat>
      <componentcode>835</componentcode>
      <meetwaarde>27.4</meetwaarde>
      <meetwaardeomschrijving>27.4</meetwaardeomschrijving>
      <eenheidcode>123</eenheidcode>
      <referentiecode>1</referentiecode>
      <opmerking></opmerking>
      <certificering>2</certificering>
      <status>5</status>
     </analyseresultaat>
     <analyseresultaat>
      <componentcode>849</componentcode>
      <meetwaarde>0.003</meetwaarde>
      <meetwaardeomschrijving>0.003</meetwaardeomschrijving>
      <eenheidcode>59</eenheidcode>
      <referentiecode>6</referentiecode>
      <opmerking></opmerking>
      <certificering>5</certificering>
      <status>5</status>
     </analyseresultaat>
     <analyseresultaat>
      <componentcode>853</componentcode>
      <meetwaarde>0.001</meetwaarde>
      <meetwaardeomschrijving>&lt; 0.001</meetwaardeomschrijving>
      <eenheidcode>59</eenheidcode>
      <referentiecode>2</referentiecode>
      <opmerking></opmerking>
      <certificering>5</certificering>
      <status>5</status>
     </analyseresultaat>
     <analyseresultaat>
      <componentcode>861</componentcode>
      <meetwaarde>0.001</meetwaarde>
      <meetwaardeomschrijving>&lt; 0.001</meetwaardeomschrijving>
      <eenheidcode>59</eenheidcode>
      <referentiecode>2</referentiecode>
      <opmerking></opmerking>
      <certificering>5</certificering>
      <status>5</status>
     </analyseresultaat>
     <analyseresultaat>
      <componentcode>879</componentcode>
      <meetwaarde>27000</meetwaarde>
      <meetwaardeomschrijving>27000</meetwaardeomschrijving>
      <eenheidcode>59</eenheidcode>
      <referentiecode>1</referentiecode>
      <opmerking></opmerking>
      <certificering>2</certificering>
      <status>5</status>
     </analyseresultaat>
     <analyseresultaat>
      <componentcode>882</componentcode>
      <meetwaarde>1.0</meetwaarde>
      <meetwaardeomschrijving>1.0</meetwaardeomschrijving>
      <eenheidcode>59</eenheidcode>
      <referentiecode>1</referentiecode>
      <opmerking></opmerking>
      <certificering>5</certificering>
      <status>5</status>
     </analyseresultaat>
     <analyseresultaat>
      <componentcode>907</componentcode>
      <meetwaarde>0.001</meetwaarde>
      <meetwaardeomschrijving>&lt; 0.001</meetwaardeomschrijving>
      <eenheidcode>59</eenheidcode>
      <referentiecode>2</referentiecode>
      <opmerking></opmerking>
      <certificering>5</certificering>
      <status>5</status>
     </analyseresultaat>
     <analyseresultaat>
      <componentcode>971</componentcode>
      <meetwaarde>56</meetwaarde>
      <meetwaardeomschrijving>56</meetwaardeomschrijving>
      <eenheidcode>59</eenheidcode>
      <referentiecode>1</referentiecode>
      <opmerking></opmerking>
      <certificering>5</certificering>
      <status>5</status>
     </analyseresultaat>
     <analyseresultaat>
      <componentcode>980</componentcode>
      <meetwaarde>15.4</meetwaarde>
      <meetwaardeomschrijving>15.4</meetwaardeomschrijving>
      <eenheidcode>123</eenheidcode>
      <referentiecode>1</referentiecode>
      <opmerking></opmerking>
      <certificering>1</certificering>
      <status>5</status>
     </analyseresultaat>
     <analyseresultaat>
      <componentcode>984</componentcode>
      <meetwaarde>74.4</meetwaarde>
      <meetwaardeomschrijving>74.4</meetwaardeomschrijving>
      <eenheidcode>123</eenheidcode>
      <referentiecode>1</referentiecode>
      <opmerking></opmerking>
      <certificering>2</certificering>
      <status>5</status>
     </analyseresultaat>
     <analyseresultaat>
      <componentcode>992</componentcode>
      <meetwaarde>40.1</meetwaarde>
      <meetwaardeomschrijving>40.1</meetwaardeomschrijving>
      <eenheidcode>123</eenheidcode>
      <referentiecode>1</referentiecode>
      <opmerking></opmerking>
      <certificering>2</certificering>
      <status>5</status>
     </analyseresultaat>
     <analyseresultaat>
      <componentcode>996</componentcode>
      <meetwaarde>14.3</meetwaarde>
      <meetwaardeomschrijving>14.3</meetwaardeomschrijving>
      <eenheidcode>123</eenheidcode>
      <referentiecode>1</referentiecode>
      <opmerking></opmerking>
      <certificering>2</certificering>
      <status>5</status>
     </analyseresultaat>
     <analyseresultaat>
      <componentcode>1011</componentcode>
      <meetwaarde>16.0</meetwaarde>
      <meetwaardeomschrijving>16.0</meetwaardeomschrijving>
      <eenheidcode>123</eenheidcode>
      <referentiecode>1</referentiecode>
      <opmerking></opmerking>
      <certificering>2</certificering>
      <status>5</status>
     </analyseresultaat>
     <analyseresultaat>
      <componentcode>1097</componentcode>
      <meetwaarde>0.24</meetwaarde>
      <meetwaardeomschrijving>0.24</meetwaardeomschrijving>
      <eenheidcode>59</eenheidcode>
      <referentiecode>1</referentiecode>
      <opmerking></opmerking>
      <certificering>5</certificering>
      <status>5</status>
     </analyseresultaat>
     <analyseresultaat>
      <componentcode>1116</componentcode>
      <meetwaarde>160</meetwaarde>
      <meetwaardeomschrijving>160</meetwaardeomschrijving>
      <eenheidcode>59</eenheidcode>
      <referentiecode>1</referentiecode>
      <opmerking></opmerking>
      <certificering>5</certificering>
      <status>5</status>
     </analyseresultaat>
     <analyseresultaat>
      <componentcode>1118</componentcode>
      <meetwaarde>7.8</meetwaarde>
      <meetwaardeomschrijving>7.8</meetwaardeomschrijving>
      <eenheidcode>123</eenheidcode>
      <referentiecode>1</referentiecode>
      <opmerking></opmerking>
      <certificering>5</certificering>
      <status>5</status>
     </analyseresultaat>
     <analyseresultaat>
      <componentcode>1207</componentcode>
      <meetwaarde>970</meetwaarde>
      <meetwaardeomschrijving>970</meetwaardeomschrijving>
      <eenheidcode>59</eenheidcode>
      <referentiecode>1</referentiecode>
      <opmerking></opmerking>
      <certificering>5</certificering>
      <status>5</status>
     </analyseresultaat>
     <analyseresultaat>
      <componentcode>1243</componentcode>
      <meetwaarde>3.2</meetwaarde>
      <meetwaardeomschrijving>3.2</meetwaardeomschrijving>
      <eenheidcode>59</eenheidcode>
      <referentiecode>1</referentiecode>
      <opmerking></opmerking>
      <certificering>5</certificering>
      <status>5</status>
     </analyseresultaat>
     <analyseresultaat>
      <componentcode>1259</componentcode>
      <meetwaarde>0.05</meetwaarde>
      <meetwaardeomschrijving>&lt; 0.05</meetwaardeomschrijving>
      <eenheidcode>59</eenheidcode>
      <referentiecode>2</referentiecode>
      <opmerking></opmerking>
      <certificering>5</certificering>
      <status>5</status>
     </analyseresultaat>
     <analyseresultaat>
      <componentcode>1267</componentcode>
      <meetwaarde>33</meetwaarde>
      <meetwaardeomschrijving>33</meetwaardeomschrijving>
      <eenheidcode>59</eenheidcode>
      <referentiecode>1</referentiecode>
      <opmerking></opmerking>
      <certificering>5</certificering>
      <status>5</status>
     </analyseresultaat>
     <analyseresultaat>
      <componentcode>1319</componentcode>
      <meetwaarde>26.9</meetwaarde>
      <meetwaardeomschrijving>26.9</meetwaardeomschrijving>
      <eenheidcode>123</eenheidcode>
      <referentiecode>1</referentiecode>
      <opmerking></opmerking>
      <certificering>5</certificering>
      <status>5</status>
     </analyseresultaat>
     <analyseresultaat>
      <componentcode>1352</componentcode>
      <meetwaarde>12</meetwaarde>
      <meetwaardeomschrijving>12</meetwaardeomschrijving>
      <eenheidcode>59</eenheidcode>
      <referentiecode>1</referentiecode>
      <opmerking></opmerking>
      <certificering>5</certificering>
      <status>5</status>
     </analyseresultaat>
     <analyseresultaat>
      <componentcode>1372</componentcode>
      <meetwaarde>0.008</meetwaarde>
      <meetwaardeomschrijving>0.008</meetwaardeomschrijving>
      <eenheidcode>59</eenheidcode>
      <referentiecode>1</referentiecode>
      <opmerking></opmerking>
      <certificering>5</certificering>
      <status>5</status>
     </analyseresultaat>
     <analyseresultaat>
      <componentcode>1374</componentcode>
      <meetwaarde>0.004</meetwaarde>
      <meetwaardeomschrijving>0.004</meetwaardeomschrijving>
      <eenheidcode>59</eenheidcode>
      <referentiecode>1</referentiecode>
      <opmerking></opmerking>
      <certificering>5</certificering>
      <status>5</status>
     </analyseresultaat>
     <analyseresultaat>
      <componentcode>1376</componentcode>
      <meetwaarde>0.016</meetwaarde>
      <meetwaardeomschrijving>0.016</meetwaardeomschrijving>
      <eenheidcode>59</eenheidcode>
      <referentiecode>1</referentiecode>
      <opmerking></opmerking>
      <certificering>5</certificering>
      <status>5</status>
     </analyseresultaat>
     <analyseresultaat>
      <componentcode>1377</componentcode>
      <meetwaarde>0.015</meetwaarde>
      <meetwaardeomschrijving>0.015</meetwaardeomschrijving>
      <eenheidcode>59</eenheidcode>
      <referentiecode>1</referentiecode>
      <opmerking></opmerking>
      <certificering>5</certificering>
      <status>5</status>
     </analyseresultaat>
     <analyseresultaat>
      <componentcode>1380</componentcode>
      <meetwaarde>0.012</meetwaarde>
      <meetwaardeomschrijving>0.012</meetwaardeomschrijving>
      <eenheidcode>59</eenheidcode>
      <referentiecode>1</referentiecode>
      <opmerking></opmerking>
      <certificering>5</certificering>
      <status>5</status>
     </analyseresultaat>
     <analyseresultaat>
      <componentcode>1381</componentcode>
      <meetwaarde>0.001</meetwaarde>
      <meetwaardeomschrijving>&lt; 0.001</meetwaardeomschrijving>
      <eenheidcode>59</eenheidcode>
      <referentiecode>2</referentiecode>
      <opmerking></opmerking>
      <certificering>5</certificering>
      <status>5</status>
     </analyseresultaat>
     <analyseresultaat>
      <componentcode>1382</componentcode>
      <meetwaarde>0.002</meetwaarde>
      <meetwaardeomschrijving>0.002</meetwaardeomschrijving>
      <eenheidcode>59</eenheidcode>
      <referentiecode>1</referentiecode>
      <opmerking></opmerking>
      <certificering>5</certificering>
      <status>5</status>
     </analyseresultaat>
     <analyseresultaat>
      <componentcode>1387</componentcode>
      <meetwaarde>0.001</meetwaarde>
      <meetwaardeomschrijving>&lt; 0.001</meetwaardeomschrijving>
      <eenheidcode>59</eenheidcode>
      <referentiecode>2</referentiecode>
      <opmerking></opmerking>
      <certificering>5</certificering>
      <status>5</status>
     </analyseresultaat>
     <analyseresultaat>
      <componentcode>1390</componentcode>
      <meetwaarde>0.003</meetwaarde>
      <meetwaardeomschrijving>&lt;0.003</meetwaardeomschrijving>
      <eenheidcode>59</eenheidcode>
      <referentiecode>2</referentiecode>
      <opmerking></opmerking>
      <certificering>5</certificering>
      <status>5</status>
     </analyseresultaat>
     <analyseresultaat>
      <componentcode>1521</componentcode>
      <meetwaarde>0.001</meetwaarde>
      <meetwaardeomschrijving>&lt; 0.001</meetwaardeomschrijving>
      <eenheidcode>59</eenheidcode>
      <referentiecode>2</referentiecode>
      <opmerking></opmerking>
      <certificering>5</certificering>
      <status>5</status>
     </analyseresultaat>
     <analyseresultaat>
      <componentcode>1580</componentcode>
      <meetwaarde>0.001</meetwaarde>
      <meetwaardeomschrijving>&lt; 0.001</meetwaardeomschrijving>
      <eenheidcode>59</eenheidcode>
      <referentiecode>2</referentiecode>
      <opmerking></opmerking>
      <certificering>5</certificering>
      <status>5</status>
     </analyseresultaat>
     <analyseresultaat>
      <componentcode>1581</componentcode>
      <meetwaarde>0.001</meetwaarde>
      <meetwaardeomschrijving>&lt; 0.001</meetwaardeomschrijving>
      <eenheidcode>59</eenheidcode>
      <referentiecode>2</referentiecode>
      <opmerking></opmerking>
      <certificering>5</certificering>
      <status>5</status>
     </analyseresultaat>
     <analyseresultaat>
      <componentcode>1693</componentcode>
      <meetwaarde>320</meetwaarde>
      <meetwaardeomschrijving>320</meetwaardeomschrijving>
      <eenheidcode>59</eenheidcode>
      <referentiecode>1</referentiecode>
      <opmerking></opmerking>
      <certificering>5</certificering>
      <status>5</status>
     </analyseresultaat>
     <analyseresultaat>
      <componentcode>2146</componentcode>
      <meetwaarde>0.001</meetwaarde>
      <meetwaardeomschrijving>&lt; 0.001</meetwaardeomschrijving>
      <eenheidcode>59</eenheidcode>
      <referentiecode>2</referentiecode>
      <opmerking></opmerking>
      <certificering>5</certificering>
      <status>5</status>
     </analyseresultaat>
     <analyseresultaat>
      <componentcode>2380</componentcode>
      <meetwaarde>0.058</meetwaarde>
      <meetwaardeomschrijving>0.058</meetwaardeomschrijving>
      <eenheidcode>59</eenheidcode>
      <referentiecode>1</referentiecode>
      <opmerking></opmerking>
      <certificering>5</certificering>
      <status>5</status>
     </analyseresultaat>
     <analyseresultaat>
      <componentcode>2385</componentcode>
      <meetwaarde>0.001</meetwaarde>
      <meetwaardeomschrijving>0.001</meetwaardeomschrijving>
      <eenheidcode>59</eenheidcode>
      <referentiecode>6</referentiecode>
      <opmerking></opmerking>
      <certificering>5</certificering>
      <status>5</status>
     </analyseresultaat>
     <analyseresultaat>
      <componentcode>2386</componentcode>
      <meetwaarde>0.001</meetwaarde>
      <meetwaardeomschrijving>0.001</meetwaardeomschrijving>
      <eenheidcode>59</eenheidcode>
      <referentiecode>6</referentiecode>
      <opmerking></opmerking>
      <certificering>5</certificering>
      <status>5</status>
     </analyseresultaat>
     <analyseresultaat>
      <componentcode>2571</componentcode>
      <meetwaarde>0.022</meetwaarde>
      <meetwaardeomschrijving>0.022</meetwaardeomschrijving>
      <eenheidcode>59</eenheidcode>
      <referentiecode>1</referentiecode>
      <opmerking></opmerking>
      <certificering>1</certificering>
      <status>5</status>
     </analyseresultaat>
     <analyseresultaat>
      <componentcode>2717</componentcode>
      <meetwaarde>0.024</meetwaarde>
      <meetwaardeomschrijving>0.024</meetwaardeomschrijving>
      <eenheidcode>59</eenheidcode>
      <referentiecode>1</referentiecode>
      <opmerking></opmerking>
      <certificering>1</certificering>
      <status>5</status>
     </analyseresultaat>
     <analyseresultaat>
      <componentcode>4188</componentcode>
      <meetwaarde>1400</meetwaarde>
      <meetwaardeomschrijving>1400</meetwaardeomschrijving>
      <eenheidcode>109</eenheidcode>
      <referentiecode>1</referentiecode>
      <opmerking></opmerking>
      <certificering>2</certificering>
      <status>5</status>
     </analyseresultaat>
    </analyseresultaten>
   </analysemonster>
   <analysemonster>
    <idanlmons>613156851</idanlmons>
    <anlmons>ALE5_OW_MV03_S</anlmons>
    <monstersoort>18</monstersoort>
    <status>5</status>
    <opmerking></opmerking>
    <analyseresultaten>
     <analyseresultaat>
      <componentcode>111</componentcode>
      <meetwaarde>0.002</meetwaarde>
      <meetwaardeomschrijving>0.002</meetwaardeomschrijving>
      <eenheidcode>59</eenheidcode>
      <referentiecode>1</referentiecode>
      <opmerking></opmerking>
      <certificering>5</certificering>
      <status>5</status>
     </analyseresultaat>
     <analyseresultaat>
      <componentcode>112</componentcode>
      <meetwaarde>0.001</meetwaarde>
      <meetwaardeomschrijving>&lt; 0.001</meetwaardeomschrijving>
      <eenheidcode>59</eenheidcode>
      <referentiecode>2</referentiecode>
      <opmerking></opmerking>
      <certificering>5</certificering>
      <status>5</status>
     </analyseresultaat>
     <analyseresultaat>
      <componentcode>113</componentcode>
      <meetwaarde>0.001</meetwaarde>
      <meetwaardeomschrijving>&lt; 0.001</meetwaardeomschrijving>
      <eenheidcode>59</eenheidcode>
      <referentiecode>2</referentiecode>
      <opmerking></opmerking>
      <certificering>5</certificering>
      <status>5</status>
     </analyseresultaat>
     <analyseresultaat>
      <componentcode>215</componentcode>
      <meetwaarde>0.007</meetwaarde>
      <meetwaardeomschrijving>0.007</meetwaardeomschrijving>
      <eenheidcode>59</eenheidcode>
      <referentiecode>1</referentiecode>
      <opmerking></opmerking>
      <certificering>5</certificering>
      <status>5</status>
     </analyseresultaat>
     <analyseresultaat>
      <componentcode>216</componentcode>
      <meetwaarde>0.003</meetwaarde>
      <meetwaardeomschrijving>0.003</meetwaardeomschrijving>
      <eenheidcode>59</eenheidcode>
      <referentiecode>1</referentiecode>
      <opmerking></opmerking>
      <certificering>5</certificering>
      <status>5</status>
     </analyseresultaat>
     <analyseresultaat>
      <componentcode>217</componentcode>
      <meetwaarde>0.001</meetwaarde>
      <meetwaardeomschrijving>&lt; 0.001</meetwaardeomschrijving>
      <eenheidcode>59</eenheidcode>
      <referentiecode>2</referentiecode>
      <opmerking></opmerking>
      <certificering>5</certificering>
      <status>5</status>
     </analyseresultaat>
     <analyseresultaat>
      <componentcode>268</componentcode>
      <meetwaarde>0.001</meetwaarde>
      <meetwaardeomschrijving>&lt; 0.001</meetwaardeomschrijving>
      <eenheidcode>59</eenheidcode>
      <referentiecode>2</referentiecode>
      <opmerking></opmerking>
      <certificering>5</certificering>
      <status>5</status>
     </analyseresultaat>
     <analyseresultaat>
      <componentcode>269</componentcode>
      <meetwaarde>0.001</meetwaarde>
      <meetwaardeomschrijving>&lt; 0.001</meetwaardeomschrijving>
      <eenheidcode>59</eenheidcode>
      <referentiecode>2</referentiecode>
      <opmerking></opmerking>
      <certificering>5</certificering>
      <status>5</status>
     </analyseresultaat>
     <analyseresultaat>
      <componentcode>271</componentcode>
      <meetwaarde>0.001</meetwaarde>
      <meetwaardeomschrijving>&lt; 0.001</meetwaardeomschrijving>
      <eenheidcode>59</eenheidcode>
      <referentiecode>2</referentiecode>
      <opmerking></opmerking>
      <certificering>5</certificering>
      <status>5</status>
     </analyseresultaat>
     <analyseresultaat>
      <componentcode>272</componentcode>
      <meetwaarde>0.001</meetwaarde>
      <meetwaardeomschrijving>&lt; 0.001</meetwaardeomschrijving>
      <eenheidcode>59</eenheidcode>
      <referentiecode>2</referentiecode>
      <opmerking></opmerking>
      <certificering>5</certificering>
      <status>5</status>
     </analyseresultaat>
     <analyseresultaat>
      <componentcode>299</componentcode>
      <meetwaarde>0.67</meetwaarde>
      <meetwaardeomschrijving>0.67</meetwaardeomschrijving>
      <eenheidcode>59</eenheidcode>
      <referentiecode>1</referentiecode>
      <opmerking></opmerking>
      <certificering>5</certificering>
      <status>5</status>
     </analyseresultaat>
     <analyseresultaat>
      <componentcode>310</componentcode>
      <meetwaarde>10</meetwaarde>
      <meetwaardeomschrijving>10</meetwaardeomschrijving>
      <eenheidcode>59</eenheidcode>
      <referentiecode>1</referentiecode>
      <opmerking></opmerking>
      <certificering>5</certificering>
      <status>5</status>
     </analyseresultaat>
     <analyseresultaat>
      <componentcode>333</componentcode>
      <meetwaarde>130</meetwaarde>
      <meetwaardeomschrijving>130</meetwaardeomschrijving>
      <eenheidcode>59</eenheidcode>
      <referentiecode>1</referentiecode>
      <opmerking></opmerking>
      <certificering>5</certificering>
      <status>5</status>
     </analyseresultaat>
     <analyseresultaat>
      <componentcode>345</componentcode>
      <meetwaarde>1.7</meetwaarde>
      <meetwaardeomschrijving>1.7</meetwaardeomschrijving>
      <eenheidcode>59</eenheidcode>
      <referentiecode>1</referentiecode>
      <opmerking></opmerking>
      <certificering>5</certificering>
      <status>5</status>
     </analyseresultaat>
     <analyseresultaat>
      <componentcode>346</componentcode>
      <meetwaarde>1.9</meetwaarde>
      <meetwaardeomschrijving>1.9</meetwaardeomschrijving>
      <eenheidcode>59</eenheidcode>
      <referentiecode>1</referentiecode>
      <opmerking></opmerking>
      <certificering>5</certificering>
      <status>5</status>
     </analyseresultaat>
     <analyseresultaat>
      <componentcode>351</componentcode>
      <meetwaarde>1.2</meetwaarde>
      <meetwaardeomschrijving>1.2</meetwaardeomschrijving>
      <eenheidcode>59</eenheidcode>
      <referentiecode>1</referentiecode>
      <opmerking></opmerking>
      <certificering>5</certificering>
      <status>5</status>
     </analyseresultaat>
     <analyseresultaat>
      <componentcode>353</componentcode>
      <meetwaarde>1.4</meetwaarde>
      <meetwaardeomschrijving>1.4</meetwaardeomschrijving>
      <eenheidcode>59</eenheidcode>
      <referentiecode>1</referentiecode>
      <opmerking></opmerking>
      <certificering>5</certificering>
      <status>5</status>
     </analyseresultaat>
     <analyseresultaat>
      <componentcode>366</componentcode>
      <meetwaarde>0.001</meetwaarde>
      <meetwaardeomschrijving>&lt; 0.001</meetwaardeomschrijving>
      <eenheidcode>59</eenheidcode>
      <referentiecode>2</referentiecode>
      <opmerking></opmerking>
      <certificering>5</certificering>
      <status>5</status>
     </analyseresultaat>
     <analyseresultaat>
      <componentcode>441</componentcode>
      <meetwaarde>0.67</meetwaarde>
      <meetwaardeomschrijving>0.67</meetwaardeomschrijving>
      <eenheidcode>59</eenheidcode>
      <referentiecode>1</referentiecode>
      <opmerking></opmerking>
      <certificering>5</certificering>
      <status>5</status>
     </analyseresultaat>
     <analyseresultaat>
      <componentcode>517</componentcode>
      <meetwaarde>31</meetwaarde>
      <meetwaardeomschrijving>31</meetwaardeomschrijving>
      <eenheidcode>59</eenheidcode>
      <referentiecode>1</referentiecode>
      <opmerking></opmerking>
      <certificering>5</certificering>
      <status>5</status>
     </analyseresultaat>
     <analyseresultaat>
      <componentcode>518</componentcode>
      <meetwaarde>2.0</meetwaarde>
      <meetwaardeomschrijving>2.0</meetwaardeomschrijving>
      <eenheidcode>59</eenheidcode>
      <referentiecode>1</referentiecode>
      <opmerking></opmerking>
      <certificering>5</certificering>
      <status>5</status>
     </analyseresultaat>
     <analyseresultaat>
      <componentcode>522</componentcode>
      <meetwaarde>0.001</meetwaarde>
      <meetwaardeomschrijving>&lt; 0.001</meetwaardeomschrijving>
      <eenheidcode>59</eenheidcode>
      <referentiecode>2</referentiecode>
      <opmerking></opmerking>
      <certificering>5</certificering>
      <status>5</status>
     </analyseresultaat>
     <analyseresultaat>
      <componentcode>527</componentcode>
      <meetwaarde>7.1</meetwaarde>
      <meetwaardeomschrijving>7.1</meetwaardeomschrijving>
      <eenheidcode>59</eenheidcode>
      <referentiecode>1</referentiecode>
      <opmerking></opmerking>
      <certificering>5</certificering>
      <status>5</status>
     </analyseresultaat>
     <analyseresultaat>
      <componentcode>552</componentcode>
      <meetwaarde>0.009</meetwaarde>
      <meetwaardeomschrijving>0.009</meetwaardeomschrijving>
      <eenheidcode>59</eenheidcode>
      <referentiecode>1</referentiecode>
      <opmerking></opmerking>
      <certificering>5</certificering>
      <status>5</status>
     </analyseresultaat>
     <analyseresultaat>
      <componentcode>553</componentcode>
      <meetwaarde>0.004</meetwaarde>
      <meetwaardeomschrijving>0.004</meetwaardeomschrijving>
      <eenheidcode>59</eenheidcode>
      <referentiecode>1</referentiecode>
      <opmerking></opmerking>
      <certificering>5</certificering>
      <status>5</status>
     </analyseresultaat>
     <analyseresultaat>
      <componentcode>554</componentcode>
      <meetwaarde>0.001</meetwaarde>
      <meetwaardeomschrijving>0.001</meetwaardeomschrijving>
      <eenheidcode>59</eenheidcode>
      <referentiecode>6</referentiecode>
      <opmerking></opmerking>
      <certificering>5</certificering>
      <status>5</status>
     </analyseresultaat>
     <analyseresultaat>
      <componentcode>555</componentcode>
      <meetwaarde>0.014</meetwaarde>
      <meetwaardeomschrijving>0.014</meetwaardeomschrijving>
      <eenheidcode>59</eenheidcode>
      <referentiecode>1</referentiecode>
      <opmerking></opmerking>
      <certificering>5</certificering>
      <status>5</status>
     </analyseresultaat>
     <analyseresultaat>
      <componentcode>562</componentcode>
      <meetwaarde>0.001</meetwaarde>
      <meetwaardeomschrijving>&lt; 0.001</meetwaardeomschrijving>
      <eenheidcode>59</eenheidcode>
      <referentiecode>2</referentiecode>
      <opmerking></opmerking>
      <certificering>5</certificering>
      <status>5</status>
     </analyseresultaat>
     <analyseresultaat>
      <componentcode>633</componentcode>
      <meetwaarde>0.001</meetwaarde>
      <meetwaardeomschrijving>&lt; 0.001</meetwaardeomschrijving>
      <eenheidcode>59</eenheidcode>
      <referentiecode>2</referentiecode>
      <opmerking></opmerking>
      <certificering>5</certificering>
      <status>5</status>
     </analyseresultaat>
     <analyseresultaat>
      <componentcode>689</componentcode>
      <meetwaarde>0.002</meetwaarde>
      <meetwaardeomschrijving>0.002</meetwaardeomschrijving>
      <eenheidcode>59</eenheidcode>
      <referentiecode>6</referentiecode>
      <opmerking></opmerking>
      <certificering>5</certificering>
      <status>5</status>
     </analyseresultaat>
     <analyseresultaat>
      <componentcode>692</componentcode>
      <meetwaarde>33.4</meetwaarde>
      <meetwaardeomschrijving>33.4</meetwaardeomschrijving>
      <eenheidcode>3</eenheidcode>
      <referentiecode>1</referentiecode>
      <opmerking></opmerking>
      <certificering>5</certificering>
      <status>5</status>
     </analyseresultaat>
     <analyseresultaat>
      <componentcode>703</componentcode>
      <meetwaarde>0.002</meetwaarde>
      <meetwaardeomschrijving>&lt; 0.002</meetwaardeomschrijving>
      <eenheidcode>59</eenheidcode>
      <referentiecode>2</referentiecode>
      <opmerking></opmerking>
      <certificering>5</certificering>
      <status>5</status>
     </analyseresultaat>
     <analyseresultaat>
      <componentcode>704</componentcode>
      <meetwaarde>0.001</meetwaarde>
      <meetwaardeomschrijving>&lt; 0.001</meetwaardeomschrijving>
      <eenheidcode>59</eenheidcode>
      <referentiecode>2</referentiecode>
      <opmerking></opmerking>
      <certificering>5</certificering>
      <status>5</status>
     </analyseresultaat>
     <analyseresultaat>
      <componentcode>746</componentcode>
      <meetwaarde>1.0</meetwaarde>
      <meetwaardeomschrijving>1.0</meetwaardeomschrijving>
      <eenheidcode>59</eenheidcode>
      <referentiecode>1</referentiecode>
      <opmerking></opmerking>
      <certificering>5</certificering>
      <status>5</status>
     </analyseresultaat>
     <analyseresultaat>
      <componentcode>775</componentcode>
      <meetwaarde>3.5</meetwaarde>
      <meetwaardeomschrijving>3.5</meetwaardeomschrijving>
      <eenheidcode>59</eenheidcode>
      <referentiecode>1</referentiecode>
      <opmerking></opmerking>
      <certificering>5</certificering>
      <status>5</status>
     </analyseresultaat>
     <analyseresultaat>
      <componentcode>816</componentcode>
      <meetwaarde>0.001</meetwaarde>
      <meetwaardeomschrijving>&lt; 0.001</meetwaardeomschrijving>
      <eenheidcode>59</eenheidcode>
      <referentiecode>2</referentiecode>
      <opmerking></opmerking>
      <certificering>5</certificering>
      <status>5</status>
     </analyseresultaat>
     <analyseresultaat>
      <componentcode>831</componentcode>
      <meetwaarde>83.5</meetwaarde>
      <meetwaardeomschrijving>83.5</meetwaardeomschrijving>
      <eenheidcode>123</eenheidcode>
      <referentiecode>1</referentiecode>
      <opmerking></opmerking>
      <certificering>2</certificering>
      <status>5</status>
     </analyseresultaat>
     <analyseresultaat>
      <componentcode>835</componentcode>
      <meetwaarde>16.5</meetwaarde>
      <meetwaardeomschrijving>16.5</meetwaardeomschrijving>
      <eenheidcode>123</eenheidcode>
      <referentiecode>1</referentiecode>
      <opmerking></opmerking>
      <certificering>2</certificering>
      <status>5</status>
     </analyseresultaat>
     <analyseresultaat>
      <componentcode>849</componentcode>
      <meetwaarde>0.003</meetwaarde>
      <meetwaardeomschrijving>0.003</meetwaardeomschrijving>
      <eenheidcode>59</eenheidcode>
      <referentiecode>6</referentiecode>
      <opmerking></opmerking>
      <certificering>5</certificering>
      <status>5</status>
     </analyseresultaat>
     <analyseresultaat>
      <componentcode>853</componentcode>
      <meetwaarde>0.001</meetwaarde>
      <meetwaardeomschrijving>&lt; 0.001</meetwaardeomschrijving>
      <eenheidcode>59</eenheidcode>
      <referentiecode>2</referentiecode>
      <opmerking></opmerking>
      <certificering>5</certificering>
      <status>5</status>
     </analyseresultaat>
     <analyseresultaat>
      <componentcode>861</componentcode>
      <meetwaarde>0.001</meetwaarde>
      <meetwaardeomschrijving>0.001</meetwaardeomschrijving>
      <eenheidcode>59</eenheidcode>
      <referentiecode>1</referentiecode>
      <opmerking></opmerking>
      <certificering>5</certificering>
      <status>5</status>
     </analyseresultaat>
     <analyseresultaat>
      <componentcode>879</componentcode>
      <meetwaarde>17000</meetwaarde>
      <meetwaardeomschrijving>17000</meetwaardeomschrijving>
      <eenheidcode>59</eenheidcode>
      <referentiecode>1</referentiecode>
      <opmerking></opmerking>
      <certificering>2</certificering>
      <status>5</status>
     </analyseresultaat>
     <analyseresultaat>
      <componentcode>882</componentcode>
      <meetwaarde>1.5</meetwaarde>
      <meetwaardeomschrijving>1.5</meetwaardeomschrijving>
      <eenheidcode>59</eenheidcode>
      <referentiecode>1</referentiecode>
      <opmerking></opmerking>
      <certificering>5</certificering>
      <status>5</status>
     </analyseresultaat>
     <analyseresultaat>
      <componentcode>907</componentcode>
      <meetwaarde>0.001</meetwaarde>
      <meetwaardeomschrijving>&lt; 0.001</meetwaardeomschrijving>
      <eenheidcode>59</eenheidcode>
      <referentiecode>2</referentiecode>
      <opmerking></opmerking>
      <certificering>5</certificering>
      <status>5</status>
     </analyseresultaat>
     <analyseresultaat>
      <componentcode>971</componentcode>
      <meetwaarde>46</meetwaarde>
      <meetwaardeomschrijving>46</meetwaardeomschrijving>
      <eenheidcode>59</eenheidcode>
      <referentiecode>1</referentiecode>
      <opmerking></opmerking>
      <certificering>5</certificering>
      <status>5</status>
     </analyseresultaat>
     <analyseresultaat>
      <componentcode>980</componentcode>
      <meetwaarde>9.6</meetwaarde>
      <meetwaardeomschrijving>9.6</meetwaardeomschrijving>
      <eenheidcode>123</eenheidcode>
      <referentiecode>1</referentiecode>
      <opmerking></opmerking>
      <certificering>1</certificering>
      <status>5</status>
     </analyseresultaat>
     <analyseresultaat>
      <componentcode>984</componentcode>
      <meetwaarde>78.0</meetwaarde>
      <meetwaardeomschrijving>78.0</meetwaardeomschrijving>
      <eenheidcode>123</eenheidcode>
      <referentiecode>1</referentiecode>
      <opmerking></opmerking>
      <certificering>2</certificering>
      <status>5</status>
     </analyseresultaat>
     <analyseresultaat>
      <componentcode>992</componentcode>
      <meetwaarde>42.0</meetwaarde>
      <meetwaardeomschrijving>42.0</meetwaardeomschrijving>
      <eenheidcode>123</eenheidcode>
      <referentiecode>1</referentiecode>
      <opmerking></opmerking>
      <certificering>2</certificering>
      <status>5</status>
     </analyseresultaat>
     <analyseresultaat>
      <componentcode>996</componentcode>
      <meetwaarde>19.1</meetwaarde>
      <meetwaardeomschrijving>19.1</meetwaardeomschrijving>
      <eenheidcode>123</eenheidcode>
      <referentiecode>1</referentiecode>
      <opmerking></opmerking>
      <certificering>2</certificering>
      <status>5</status>
     </analyseresultaat>
     <analyseresultaat>
      <componentcode>1011</componentcode>
      <meetwaarde>21.3</meetwaarde>
      <meetwaardeomschrijving>21.3</meetwaardeomschrijving>
      <eenheidcode>123</eenheidcode>
      <referentiecode>1</referentiecode>
      <opmerking></opmerking>
      <certificering>2</certificering>
      <status>5</status>
     </analyseresultaat>
     <analyseresultaat>
      <componentcode>1097</componentcode>
      <meetwaarde>0.29</meetwaarde>
      <meetwaardeomschrijving>0.29</meetwaardeomschrijving>
      <eenheidcode>59</eenheidcode>
      <referentiecode>1</referentiecode>
      <opmerking></opmerking>
      <certificering>5</certificering>
      <status>5</status>
     </analyseresultaat>
     <analyseresultaat>
      <componentcode>1116</componentcode>
      <meetwaarde>120</meetwaarde>
      <meetwaardeomschrijving>120</meetwaardeomschrijving>
      <eenheidcode>59</eenheidcode>
      <referentiecode>1</referentiecode>
      <opmerking></opmerking>
      <certificering>5</certificering>
      <status>5</status>
     </analyseresultaat>
     <analyseresultaat>
      <componentcode>1118</componentcode>
      <meetwaarde>4.4</meetwaarde>
      <meetwaardeomschrijving>4.4</meetwaardeomschrijving>
      <eenheidcode>123</eenheidcode>
      <referentiecode>1</referentiecode>
      <opmerking></opmerking>
      <certificering>5</certificering>
      <status>5</status>
     </analyseresultaat>
     <analyseresultaat>
      <componentcode>1207</componentcode>
      <meetwaarde>1300</meetwaarde>
      <meetwaardeomschrijving>1300</meetwaardeomschrijving>
      <eenheidcode>59</eenheidcode>
      <referentiecode>1</referentiecode>
      <opmerking></opmerking>
      <certificering>5</certificering>
      <status>5</status>
     </analyseresultaat>
     <analyseresultaat>
      <componentcode>1243</componentcode>
      <meetwaarde>1.8</meetwaarde>
      <meetwaardeomschrijving>1.8</meetwaardeomschrijving>
      <eenheidcode>59</eenheidcode>
      <referentiecode>1</referentiecode>
      <opmerking></opmerking>
      <certificering>5</certificering>
      <status>5</status>
     </analyseresultaat>
     <analyseresultaat>
      <componentcode>1259</componentcode>
      <meetwaarde>0.05</meetwaarde>
      <meetwaardeomschrijving>&lt; 0.05</meetwaardeomschrijving>
      <eenheidcode>59</eenheidcode>
      <referentiecode>2</referentiecode>
      <opmerking></opmerking>
      <certificering>5</certificering>
      <status>5</status>
     </analyseresultaat>
     <analyseresultaat>
      <componentcode>1267</componentcode>
      <meetwaarde>26</meetwaarde>
      <meetwaardeomschrijving>26</meetwaardeomschrijving>
      <eenheidcode>59</eenheidcode>
      <referentiecode>1</referentiecode>
      <opmerking></opmerking>
      <certificering>5</certificering>
      <status>5</status>
     </analyseresultaat>
     <analyseresultaat>
      <componentcode>1319</componentcode>
      <meetwaarde>16.2</meetwaarde>
      <meetwaardeomschrijving>16.2</meetwaardeomschrijving>
      <eenheidcode>123</eenheidcode>
      <referentiecode>1</referentiecode>
      <opmerking></opmerking>
      <certificering>5</certificering>
      <status>5</status>
     </analyseresultaat>
     <analyseresultaat>
      <componentcode>1352</componentcode>
      <meetwaarde>15</meetwaarde>
      <meetwaardeomschrijving>15</meetwaardeomschrijving>
      <eenheidcode>59</eenheidcode>
      <referentiecode>1</referentiecode>
      <opmerking></opmerking>
      <certificering>5</certificering>
      <status>5</status>
     </analyseresultaat>
     <analyseresultaat>
      <componentcode>1372</componentcode>
      <meetwaarde>0.001</meetwaarde>
      <meetwaardeomschrijving>0.001</meetwaardeomschrijving>
      <eenheidcode>59</eenheidcode>
      <referentiecode>1</referentiecode>
      <opmerking></opmerking>
      <certificering>5</certificering>
      <status>5</status>
     </analyseresultaat>
     <analyseresultaat>
      <componentcode>1374</componentcode>
      <meetwaarde>0.001</meetwaarde>
      <meetwaardeomschrijving>&lt; 0.001</meetwaardeomschrijving>
      <eenheidcode>59</eenheidcode>
      <referentiecode>2</referentiecode>
      <opmerking></opmerking>
      <certificering>5</certificering>
      <status>5</status>
     </analyseresultaat>
     <analyseresultaat>
      <componentcode>1376</componentcode>
      <meetwaarde>0.003</meetwaarde>
      <meetwaardeomschrijving>0.003</meetwaardeomschrijving>
      <eenheidcode>59</eenheidcode>
      <referentiecode>1</referentiecode>
      <opmerking></opmerking>
      <certificering>5</certificering>
      <status>5</status>
     </analyseresultaat>
     <analyseresultaat>
      <componentcode>1377</componentcode>
      <meetwaarde>0.004</meetwaarde>
      <meetwaardeomschrijving>0.004</meetwaardeomschrijving>
      <eenheidcode>59</eenheidcode>
      <referentiecode>1</referentiecode>
      <opmerking></opmerking>
      <certificering>5</certificering>
      <status>5</status>
     </analyseresultaat>
     <analyseresultaat>
      <componentcode>1380</componentcode>
      <meetwaarde>0.002</meetwaarde>
      <meetwaardeomschrijving>0.002</meetwaardeomschrijving>
      <eenheidcode>59</eenheidcode>
      <referentiecode>1</referentiecode>
      <opmerking></opmerking>
      <certificering>5</certificering>
      <status>5</status>
     </analyseresultaat>
     <analyseresultaat>
      <componentcode>1381</componentcode>
      <meetwaarde>0.001</meetwaarde>
      <meetwaardeomschrijving>&lt; 0.001</meetwaardeomschrijving>
      <eenheidcode>59</eenheidcode>
      <referentiecode>2</referentiecode>
      <opmerking></opmerking>
      <certificering>5</certificering>
      <status>5</status>
     </analyseresultaat>
     <analyseresultaat>
      <componentcode>1382</componentcode>
      <meetwaarde>0.001</meetwaarde>
      <meetwaardeomschrijving>&lt; 0.001</meetwaardeomschrijving>
      <eenheidcode>59</eenheidcode>
      <referentiecode>2</referentiecode>
      <opmerking></opmerking>
      <certificering>5</certificering>
      <status>5</status>
     </analyseresultaat>
     <analyseresultaat>
      <componentcode>1387</componentcode>
      <meetwaarde>0.001</meetwaarde>
      <meetwaardeomschrijving>&lt; 0.001</meetwaardeomschrijving>
      <eenheidcode>59</eenheidcode>
      <referentiecode>2</referentiecode>
      <opmerking></opmerking>
      <certificering>5</certificering>
      <status>5</status>
     </analyseresultaat>
     <analyseresultaat>
      <componentcode>1390</componentcode>
      <meetwaarde>0.003</meetwaarde>
      <meetwaardeomschrijving>&lt;0.003</meetwaardeomschrijving>
      <eenheidcode>59</eenheidcode>
      <referentiecode>2</referentiecode>
      <opmerking></opmerking>
      <certificering>5</certificering>
      <status>5</status>
     </analyseresultaat>
     <analyseresultaat>
      <componentcode>1521</componentcode>
      <meetwaarde>0.001</meetwaarde>
      <meetwaardeomschrijving>&lt; 0.001</meetwaardeomschrijving>
      <eenheidcode>59</eenheidcode>
      <referentiecode>2</referentiecode>
      <opmerking></opmerking>
      <certificering>5</certificering>
      <status>5</status>
     </analyseresultaat>
     <analyseresultaat>
      <componentcode>1580</componentcode>
      <meetwaarde>0.001</meetwaarde>
      <meetwaardeomschrijving>&lt; 0.001</meetwaardeomschrijving>
      <eenheidcode>59</eenheidcode>
      <referentiecode>2</referentiecode>
      <opmerking></opmerking>
      <certificering>5</certificering>
      <status>5</status>
     </analyseresultaat>
     <analyseresultaat>
      <componentcode>1581</componentcode>
      <meetwaarde>0.001</meetwaarde>
      <meetwaardeomschrijving>&lt; 0.001</meetwaardeomschrijving>
      <eenheidcode>59</eenheidcode>
      <referentiecode>2</referentiecode>
      <opmerking></opmerking>
      <certificering>5</certificering>
      <status>5</status>
     </analyseresultaat>
     <analyseresultaat>
      <componentcode>1693</componentcode>
      <meetwaarde>200</meetwaarde>
      <meetwaardeomschrijving>200</meetwaardeomschrijving>
      <eenheidcode>59</eenheidcode>
      <referentiecode>1</referentiecode>
      <opmerking></opmerking>
      <certificering>5</certificering>
      <status>5</status>
     </analyseresultaat>
     <analyseresultaat>
      <componentcode>2146</componentcode>
      <meetwaarde>0.001</meetwaarde>
      <meetwaardeomschrijving>&lt; 0.001</meetwaardeomschrijving>
      <eenheidcode>59</eenheidcode>
      <referentiecode>2</referentiecode>
      <opmerking></opmerking>
      <certificering>5</certificering>
      <status>5</status>
     </analyseresultaat>
     <analyseresultaat>
      <componentcode>2380</componentcode>
      <meetwaarde>0.012</meetwaarde>
      <meetwaardeomschrijving>0.012</meetwaardeomschrijving>
      <eenheidcode>59</eenheidcode>
      <referentiecode>1</referentiecode>
      <opmerking></opmerking>
      <certificering>5</certificering>
      <status>5</status>
     </analyseresultaat>
     <analyseresultaat>
      <componentcode>2385</componentcode>
      <meetwaarde>0.001</meetwaarde>
      <meetwaardeomschrijving>0.001</meetwaardeomschrijving>
      <eenheidcode>59</eenheidcode>
      <referentiecode>6</referentiecode>
      <opmerking></opmerking>
      <certificering>5</certificering>
      <status>5</status>
     </analyseresultaat>
     <analyseresultaat>
      <componentcode>2386</componentcode>
      <meetwaarde>0.001</meetwaarde>
      <meetwaardeomschrijving>0.001</meetwaardeomschrijving>
      <eenheidcode>59</eenheidcode>
      <referentiecode>6</referentiecode>
      <opmerking></opmerking>
      <certificering>5</certificering>
      <status>5</status>
     </analyseresultaat>
     <analyseresultaat>
      <componentcode>2571</componentcode>
      <meetwaarde>0.025</meetwaarde>
      <meetwaardeomschrijving>0.025</meetwaardeomschrijving>
      <eenheidcode>59</eenheidcode>
      <referentiecode>1</referentiecode>
      <opmerking></opmerking>
      <certificering>1</certificering>
      <status>5</status>
     </analyseresultaat>
     <analyseresultaat>
      <componentcode>2717</componentcode>
      <meetwaarde>0.027</meetwaarde>
      <meetwaardeomschrijving>0.027</meetwaardeomschrijving>
      <eenheidcode>59</eenheidcode>
      <referentiecode>1</referentiecode>
      <opmerking></opmerking>
      <certificering>1</certificering>
      <status>5</status>
     </analyseresultaat>
     <analyseresultaat>
      <componentcode>4188</componentcode>
      <meetwaarde>860</meetwaarde>
      <meetwaardeomschrijving>860</meetwaardeomschrijving>
      <eenheidcode>109</eenheidcode>
      <referentiecode>1</referentiecode>
      <opmerking></opmerking>
      <certificering>2</certificering>
      <status>5</status>
     </analyseresultaat>
    </analyseresultaten>
   </analysemonster>
  </analysemonsters>
 </projectgegevens>
</labresultaat>
