<?xml version="1.0" encoding="UTF-8" ?>
<labresultaat versie="9.0.0" applicatiecode="19" datum="2024-12-02" klantcode="188050" laboratorium="5" taal="dut">
 <projectgegevens>
   <idopdracht>40394</idopdracht>
   <projectcode>IB-2024-0149</projectcode>
   <projectnaam>WABO ALE5 OW</projectnaam>
   <opmerking></opmerking>
   <status>5</status>
   <certificaatnummer>1839138</certificaatnummer>
  <analysemonsters>
   <analysemonster>
    <idanlmons>613157081</idanlmons>
    <anlmons>ALE5_OW_MV17_S</anlmons>
    <monstersoort>18</monstersoort>
    <status>5</status>
    <opmerking></opmerking>
    <analyseresultaten>
     <analyseresultaat>
      <componentcode>111</componentcode>
      <meetwaarde>0.002</meetwaarde>
      <meetwaardeomschrijving>0.002</meetwaardeomschrijving>
      <eenheidcode>59</eenheidcode>
      <referentiecode>1</referentiecode>
      <opmerking></opmerking>
      <certificering>5</certificering>
      <status>5</status>
     </analyseresultaat>
     <analyseresultaat>
      <componentcode>112</componentcode>
      <meetwaarde>0.002</meetwaarde>
      <meetwaardeomschrijving>0.002</meetwaardeomschrijving>
      <eenheidcode>59</eenheidcode>
      <referentiecode>1</referentiecode>
      <opmerking></opmerking>
      <certificering>5</certificering>
      <status>5</status>
     </analyseresultaat>
     <analyseresultaat>
      <componentcode>113</componentcode>
      <meetwaarde>0.001</meetwaarde>
      <meetwaardeomschrijving>&lt; 0.001</meetwaardeomschrijving>
      <eenheidcode>59</eenheidcode>
      <referentiecode>2</referentiecode>
      <opmerking></opmerking>
      <certificering>5</certificering>
      <status>5</status>
     </analyseresultaat>
     <analyseresultaat>
      <componentcode>215</componentcode>
      <meetwaarde>0.002</meetwaarde>
      <meetwaardeomschrijving>0.002</meetwaardeomschrijving>
      <eenheidcode>59</eenheidcode>
      <referentiecode>1</referentiecode>
      <opmerking></opmerking>
      <certificering>5</certificering>
      <status>5</status>
     </analyseresultaat>
     <analyseresultaat>
      <componentcode>216</componentcode>
      <meetwaarde>0.008</meetwaarde>
      <meetwaardeomschrijving>0.008</meetwaardeomschrijving>
      <eenheidcode>59</eenheidcode>
      <referentiecode>1</referentiecode>
      <opmerking></opmerking>
      <certificering>5</certificering>
      <status>5</status>
     </analyseresultaat>
     <analyseresultaat>
      <componentcode>217</componentcode>
      <meetwaarde>0.001</meetwaarde>
      <meetwaardeomschrijving>&lt; 0.001</meetwaardeomschrijving>
      <eenheidcode>59</eenheidcode>
      <referentiecode>2</referentiecode>
      <opmerking></opmerking>
      <certificering>5</certificering>
      <status>5</status>
     </analyseresultaat>
     <analyseresultaat>
      <componentcode>268</componentcode>
      <meetwaarde>0.001</meetwaarde>
      <meetwaardeomschrijving>&lt; 0.001</meetwaardeomschrijving>
      <eenheidcode>59</eenheidcode>
      <referentiecode>2</referentiecode>
      <opmerking></opmerking>
      <certificering>5</certificering>
      <status>5</status>
     </analyseresultaat>
     <analyseresultaat>
      <componentcode>269</componentcode>
      <meetwaarde>0.001</meetwaarde>
      <meetwaardeomschrijving>&lt; 0.001</meetwaardeomschrijving>
      <eenheidcode>59</eenheidcode>
      <referentiecode>2</referentiecode>
      <opmerking></opmerking>
      <certificering>5</certificering>
      <status>5</status>
     </analyseresultaat>
     <analyseresultaat>
      <componentcode>271</componentcode>
      <meetwaarde>0.001</meetwaarde>
      <meetwaardeomschrijving>&lt; 0.001</meetwaardeomschrijving>
      <eenheidcode>59</eenheidcode>
      <referentiecode>2</referentiecode>
      <opmerking></opmerking>
      <certificering>5</certificering>
      <status>5</status>
     </analyseresultaat>
     <analyseresultaat>
      <componentcode>272</componentcode>
      <meetwaarde>0.001</meetwaarde>
      <meetwaardeomschrijving>&lt; 0.001</meetwaardeomschrijving>
      <eenheidcode>59</eenheidcode>
      <referentiecode>2</referentiecode>
      <opmerking></opmerking>
      <certificering>5</certificering>
      <status>5</status>
     </analyseresultaat>
     <analyseresultaat>
      <componentcode>299</componentcode>
      <meetwaarde>0.05</meetwaarde>
      <meetwaardeomschrijving>&lt; 0.05</meetwaardeomschrijving>
      <eenheidcode>59</eenheidcode>
      <referentiecode>2</referentiecode>
      <opmerking></opmerking>
      <certificering>5</certificering>
      <status>5</status>
     </analyseresultaat>
     <analyseresultaat>
      <componentcode>310</componentcode>
      <meetwaarde>11</meetwaarde>
      <meetwaardeomschrijving>11</meetwaardeomschrijving>
      <eenheidcode>59</eenheidcode>
      <referentiecode>1</referentiecode>
      <opmerking></opmerking>
      <certificering>5</certificering>
      <status>5</status>
     </analyseresultaat>
     <analyseresultaat>
      <componentcode>333</componentcode>
      <meetwaarde>110</meetwaarde>
      <meetwaardeomschrijving>110</meetwaardeomschrijving>
      <eenheidcode>59</eenheidcode>
      <referentiecode>1</referentiecode>
      <opmerking></opmerking>
      <certificering>5</certificering>
      <status>5</status>
     </analyseresultaat>
     <analyseresultaat>
      <componentcode>345</componentcode>
      <meetwaarde>0.10</meetwaarde>
      <meetwaardeomschrijving>0.10</meetwaardeomschrijving>
      <eenheidcode>59</eenheidcode>
      <referentiecode>1</referentiecode>
      <opmerking></opmerking>
      <certificering>5</certificering>
      <status>5</status>
     </analyseresultaat>
     <analyseresultaat>
      <componentcode>346</componentcode>
      <meetwaarde>0.11</meetwaarde>
      <meetwaardeomschrijving>0.11</meetwaardeomschrijving>
      <eenheidcode>59</eenheidcode>
      <referentiecode>1</referentiecode>
      <opmerking></opmerking>
      <certificering>5</certificering>
      <status>5</status>
     </analyseresultaat>
     <analyseresultaat>
      <componentcode>351</componentcode>
      <meetwaarde>0.10</meetwaarde>
      <meetwaardeomschrijving>0.10</meetwaardeomschrijving>
      <eenheidcode>59</eenheidcode>
      <referentiecode>1</referentiecode>
      <opmerking></opmerking>
      <certificering>5</certificering>
      <status>5</status>
     </analyseresultaat>
     <analyseresultaat>
      <componentcode>353</componentcode>
      <meetwaarde>0.10</meetwaarde>
      <meetwaardeomschrijving>0.10</meetwaardeomschrijving>
      <eenheidcode>59</eenheidcode>
      <referentiecode>1</referentiecode>
      <opmerking></opmerking>
      <certificering>5</certificering>
      <status>5</status>
     </analyseresultaat>
     <analyseresultaat>
      <componentcode>366</componentcode>
      <meetwaarde>0.001</meetwaarde>
      <meetwaardeomschrijving>&lt; 0.001</meetwaardeomschrijving>
      <eenheidcode>59</eenheidcode>
      <referentiecode>2</referentiecode>
      <opmerking></opmerking>
      <certificering>5</certificering>
      <status>5</status>
     </analyseresultaat>
     <analyseresultaat>
      <componentcode>441</componentcode>
      <meetwaarde>0.43</meetwaarde>
      <meetwaardeomschrijving>0.43</meetwaardeomschrijving>
      <eenheidcode>59</eenheidcode>
      <referentiecode>1</referentiecode>
      <opmerking></opmerking>
      <certificering>5</certificering>
      <status>5</status>
     </analyseresultaat>
     <analyseresultaat>
      <componentcode>517</componentcode>
      <meetwaarde>32</meetwaarde>
      <meetwaardeomschrijving>32</meetwaardeomschrijving>
      <eenheidcode>59</eenheidcode>
      <referentiecode>1</referentiecode>
      <opmerking></opmerking>
      <certificering>5</certificering>
      <status>5</status>
     </analyseresultaat>
     <analyseresultaat>
      <componentcode>518</componentcode>
      <meetwaarde>0.16</meetwaarde>
      <meetwaardeomschrijving>0.16</meetwaardeomschrijving>
      <eenheidcode>59</eenheidcode>
      <referentiecode>1</referentiecode>
      <opmerking></opmerking>
      <certificering>5</certificering>
      <status>5</status>
     </analyseresultaat>
     <analyseresultaat>
      <componentcode>522</componentcode>
      <meetwaarde>0.001</meetwaarde>
      <meetwaardeomschrijving>&lt; 0.001</meetwaardeomschrijving>
      <eenheidcode>59</eenheidcode>
      <referentiecode>2</referentiecode>
      <opmerking></opmerking>
      <certificering>5</certificering>
      <status>5</status>
     </analyseresultaat>
     <analyseresultaat>
      <componentcode>527</componentcode>
      <meetwaarde>5.8</meetwaarde>
      <meetwaardeomschrijving>5.8</meetwaardeomschrijving>
      <eenheidcode>59</eenheidcode>
      <referentiecode>1</referentiecode>
      <opmerking></opmerking>
      <certificering>5</certificering>
      <status>5</status>
     </analyseresultaat>
     <analyseresultaat>
      <componentcode>552</componentcode>
      <meetwaarde>0.004</meetwaarde>
      <meetwaardeomschrijving>0.004</meetwaardeomschrijving>
      <eenheidcode>59</eenheidcode>
      <referentiecode>1</referentiecode>
      <opmerking></opmerking>
      <certificering>5</certificering>
      <status>5</status>
     </analyseresultaat>
     <analyseresultaat>
      <componentcode>553</componentcode>
      <meetwaarde>0.010</meetwaarde>
      <meetwaardeomschrijving>0.010</meetwaardeomschrijving>
      <eenheidcode>59</eenheidcode>
      <referentiecode>1</referentiecode>
      <opmerking></opmerking>
      <certificering>5</certificering>
      <status>5</status>
     </analyseresultaat>
     <analyseresultaat>
      <componentcode>554</componentcode>
      <meetwaarde>0.001</meetwaarde>
      <meetwaardeomschrijving>0.001</meetwaardeomschrijving>
      <eenheidcode>59</eenheidcode>
      <referentiecode>6</referentiecode>
      <opmerking></opmerking>
      <certificering>5</certificering>
      <status>5</status>
     </analyseresultaat>
     <analyseresultaat>
      <componentcode>555</componentcode>
      <meetwaarde>0.015</meetwaarde>
      <meetwaardeomschrijving>0.015</meetwaardeomschrijving>
      <eenheidcode>59</eenheidcode>
      <referentiecode>1</referentiecode>
      <opmerking></opmerking>
      <certificering>5</certificering>
      <status>5</status>
     </analyseresultaat>
     <analyseresultaat>
      <componentcode>562</componentcode>
      <meetwaarde>0.001</meetwaarde>
      <meetwaardeomschrijving>&lt; 0.001</meetwaardeomschrijving>
      <eenheidcode>59</eenheidcode>
      <referentiecode>2</referentiecode>
      <opmerking></opmerking>
      <certificering>5</certificering>
      <status>5</status>
     </analyseresultaat>
     <analyseresultaat>
      <componentcode>633</componentcode>
      <meetwaarde>0.006</meetwaarde>
      <meetwaardeomschrijving>0.006</meetwaardeomschrijving>
      <eenheidcode>59</eenheidcode>
      <referentiecode>1</referentiecode>
      <opmerking></opmerking>
      <certificering>5</certificering>
      <status>5</status>
     </analyseresultaat>
     <analyseresultaat>
      <componentcode>689</componentcode>
      <meetwaarde>0.007</meetwaarde>
      <meetwaardeomschrijving>0.007</meetwaardeomschrijving>
      <eenheidcode>59</eenheidcode>
      <referentiecode>1</referentiecode>
      <opmerking></opmerking>
      <certificering>5</certificering>
      <status>5</status>
     </analyseresultaat>
     <analyseresultaat>
      <componentcode>692</componentcode>
      <meetwaarde>39.4</meetwaarde>
      <meetwaardeomschrijving>39.4</meetwaardeomschrijving>
      <eenheidcode>3</eenheidcode>
      <referentiecode>1</referentiecode>
      <opmerking></opmerking>
      <certificering>5</certificering>
      <status>5</status>
     </analyseresultaat>
     <analyseresultaat>
      <componentcode>703</componentcode>
      <meetwaarde>0.002</meetwaarde>
      <meetwaardeomschrijving>&lt; 0.002</meetwaardeomschrijving>
      <eenheidcode>59</eenheidcode>
      <referentiecode>2</referentiecode>
      <opmerking></opmerking>
      <certificering>5</certificering>
      <status>5</status>
     </analyseresultaat>
     <analyseresultaat>
      <componentcode>704</componentcode>
      <meetwaarde>0.001</meetwaarde>
      <meetwaardeomschrijving>&lt; 0.001</meetwaardeomschrijving>
      <eenheidcode>59</eenheidcode>
      <referentiecode>2</referentiecode>
      <opmerking></opmerking>
      <certificering>5</certificering>
      <status>5</status>
     </analyseresultaat>
     <analyseresultaat>
      <componentcode>746</componentcode>
      <meetwaarde>0.07</meetwaarde>
      <meetwaardeomschrijving>0.07</meetwaardeomschrijving>
      <eenheidcode>59</eenheidcode>
      <referentiecode>1</referentiecode>
      <opmerking></opmerking>
      <certificering>5</certificering>
      <status>5</status>
     </analyseresultaat>
     <analyseresultaat>
      <componentcode>775</componentcode>
      <meetwaarde>0.19</meetwaarde>
      <meetwaardeomschrijving>0.19</meetwaardeomschrijving>
      <eenheidcode>59</eenheidcode>
      <referentiecode>1</referentiecode>
      <opmerking></opmerking>
      <certificering>5</certificering>
      <status>5</status>
     </analyseresultaat>
     <analyseresultaat>
      <componentcode>816</componentcode>
      <meetwaarde>0.001</meetwaarde>
      <meetwaardeomschrijving>&lt; 0.001</meetwaardeomschrijving>
      <eenheidcode>59</eenheidcode>
      <referentiecode>2</referentiecode>
      <opmerking></opmerking>
      <certificering>5</certificering>
      <status>5</status>
     </analyseresultaat>
     <analyseresultaat>
      <componentcode>831</componentcode>
      <meetwaarde>85.8</meetwaarde>
      <meetwaardeomschrijving>85.8</meetwaardeomschrijving>
      <eenheidcode>123</eenheidcode>
      <referentiecode>1</referentiecode>
      <opmerking></opmerking>
      <certificering>2</certificering>
      <status>5</status>
     </analyseresultaat>
     <analyseresultaat>
      <componentcode>835</componentcode>
      <meetwaarde>14.2</meetwaarde>
      <meetwaardeomschrijving>14.2</meetwaardeomschrijving>
      <eenheidcode>123</eenheidcode>
      <referentiecode>1</referentiecode>
      <opmerking></opmerking>
      <certificering>2</certificering>
      <status>5</status>
     </analyseresultaat>
     <analyseresultaat>
      <componentcode>849</componentcode>
      <meetwaarde>0.003</meetwaarde>
      <meetwaardeomschrijving>0.003</meetwaardeomschrijving>
      <eenheidcode>59</eenheidcode>
      <referentiecode>6</referentiecode>
      <opmerking></opmerking>
      <certificering>5</certificering>
      <status>5</status>
     </analyseresultaat>
     <analyseresultaat>
      <componentcode>853</componentcode>
      <meetwaarde>0.001</meetwaarde>
      <meetwaardeomschrijving>&lt; 0.001</meetwaardeomschrijving>
      <eenheidcode>59</eenheidcode>
      <referentiecode>2</referentiecode>
      <opmerking></opmerking>
      <certificering>5</certificering>
      <status>5</status>
     </analyseresultaat>
     <analyseresultaat>
      <componentcode>861</componentcode>
      <meetwaarde>0.006</meetwaarde>
      <meetwaardeomschrijving>0.006</meetwaardeomschrijving>
      <eenheidcode>59</eenheidcode>
      <referentiecode>1</referentiecode>
      <opmerking></opmerking>
      <certificering>5</certificering>
      <status>5</status>
     </analyseresultaat>
     <analyseresultaat>
      <componentcode>879</componentcode>
      <meetwaarde>17000</meetwaarde>
      <meetwaardeomschrijving>17000</meetwaardeomschrijving>
      <eenheidcode>59</eenheidcode>
      <referentiecode>1</referentiecode>
      <opmerking></opmerking>
      <certificering>2</certificering>
      <status>5</status>
     </analyseresultaat>
     <analyseresultaat>
      <componentcode>882</componentcode>
      <meetwaarde>0.08</meetwaarde>
      <meetwaardeomschrijving>0.08</meetwaardeomschrijving>
      <eenheidcode>59</eenheidcode>
      <referentiecode>1</referentiecode>
      <opmerking></opmerking>
      <certificering>5</certificering>
      <status>5</status>
     </analyseresultaat>
     <analyseresultaat>
      <componentcode>907</componentcode>
      <meetwaarde>0.001</meetwaarde>
      <meetwaardeomschrijving>&lt; 0.001</meetwaardeomschrijving>
      <eenheidcode>59</eenheidcode>
      <referentiecode>2</referentiecode>
      <opmerking></opmerking>
      <certificering>5</certificering>
      <status>5</status>
     </analyseresultaat>
     <analyseresultaat>
      <componentcode>971</componentcode>
      <meetwaarde>26</meetwaarde>
      <meetwaardeomschrijving>26</meetwaardeomschrijving>
      <eenheidcode>59</eenheidcode>
      <referentiecode>1</referentiecode>
      <opmerking></opmerking>
      <certificering>5</certificering>
      <status>5</status>
     </analyseresultaat>
     <analyseresultaat>
      <componentcode>980</componentcode>
      <meetwaarde>15.5</meetwaarde>
      <meetwaardeomschrijving>15.5</meetwaardeomschrijving>
      <eenheidcode>123</eenheidcode>
      <referentiecode>1</referentiecode>
      <opmerking></opmerking>
      <certificering>1</certificering>
      <status>5</status>
     </analyseresultaat>
     <analyseresultaat>
      <componentcode>984</componentcode>
      <meetwaarde>83.0</meetwaarde>
      <meetwaardeomschrijving>83.0</meetwaardeomschrijving>
      <eenheidcode>123</eenheidcode>
      <referentiecode>1</referentiecode>
      <opmerking></opmerking>
      <certificering>2</certificering>
      <status>5</status>
     </analyseresultaat>
     <analyseresultaat>
      <componentcode>992</componentcode>
      <meetwaarde>51.2</meetwaarde>
      <meetwaardeomschrijving>51.2</meetwaardeomschrijving>
      <eenheidcode>123</eenheidcode>
      <referentiecode>1</referentiecode>
      <opmerking></opmerking>
      <certificering>2</certificering>
      <status>5</status>
     </analyseresultaat>
     <analyseresultaat>
      <componentcode>996</componentcode>
      <meetwaarde>18.9</meetwaarde>
      <meetwaardeomschrijving>18.9</meetwaardeomschrijving>
      <eenheidcode>123</eenheidcode>
      <referentiecode>1</referentiecode>
      <opmerking></opmerking>
      <certificering>2</certificering>
      <status>5</status>
     </analyseresultaat>
     <analyseresultaat>
      <componentcode>1011</componentcode>
      <meetwaarde>24.7</meetwaarde>
      <meetwaardeomschrijving>24.7</meetwaardeomschrijving>
      <eenheidcode>123</eenheidcode>
      <referentiecode>1</referentiecode>
      <opmerking></opmerking>
      <certificering>2</certificering>
      <status>5</status>
     </analyseresultaat>
     <analyseresultaat>
      <componentcode>1097</componentcode>
      <meetwaarde>0.40</meetwaarde>
      <meetwaardeomschrijving>0.40</meetwaardeomschrijving>
      <eenheidcode>59</eenheidcode>
      <referentiecode>1</referentiecode>
      <opmerking></opmerking>
      <certificering>5</certificering>
      <status>5</status>
     </analyseresultaat>
     <analyseresultaat>
      <componentcode>1116</componentcode>
      <meetwaarde>81</meetwaarde>
      <meetwaardeomschrijving>81</meetwaardeomschrijving>
      <eenheidcode>59</eenheidcode>
      <referentiecode>1</referentiecode>
      <opmerking></opmerking>
      <certificering>5</certificering>
      <status>5</status>
     </analyseresultaat>
     <analyseresultaat>
      <componentcode>1118</componentcode>
      <meetwaarde>6.6</meetwaarde>
      <meetwaardeomschrijving>6.6</meetwaardeomschrijving>
      <eenheidcode>123</eenheidcode>
      <referentiecode>1</referentiecode>
      <opmerking></opmerking>
      <certificering>5</certificering>
      <status>5</status>
     </analyseresultaat>
     <analyseresultaat>
      <componentcode>1207</componentcode>
      <meetwaarde>110</meetwaarde>
      <meetwaardeomschrijving>110</meetwaardeomschrijving>
      <eenheidcode>59</eenheidcode>
      <referentiecode>1</referentiecode>
      <opmerking></opmerking>
      <certificering>5</certificering>
      <status>5</status>
     </analyseresultaat>
     <analyseresultaat>
      <componentcode>1243</componentcode>
      <meetwaarde>1.9</meetwaarde>
      <meetwaardeomschrijving>1.9</meetwaardeomschrijving>
      <eenheidcode>59</eenheidcode>
      <referentiecode>1</referentiecode>
      <opmerking></opmerking>
      <certificering>5</certificering>
      <status>5</status>
     </analyseresultaat>
     <analyseresultaat>
      <componentcode>1259</componentcode>
      <meetwaarde>0.05</meetwaarde>
      <meetwaardeomschrijving>&lt; 0.05</meetwaardeomschrijving>
      <eenheidcode>59</eenheidcode>
      <referentiecode>2</referentiecode>
      <opmerking></opmerking>
      <certificering>5</certificering>
      <status>5</status>
     </analyseresultaat>
     <analyseresultaat>
      <componentcode>1267</componentcode>
      <meetwaarde>19</meetwaarde>
      <meetwaardeomschrijving>19</meetwaardeomschrijving>
      <eenheidcode>59</eenheidcode>
      <referentiecode>1</referentiecode>
      <opmerking></opmerking>
      <certificering>5</certificering>
      <status>5</status>
     </analyseresultaat>
     <analyseresultaat>
      <componentcode>1319</componentcode>
      <meetwaarde>13.7</meetwaarde>
      <meetwaardeomschrijving>13.7</meetwaardeomschrijving>
      <eenheidcode>123</eenheidcode>
      <referentiecode>1</referentiecode>
      <opmerking></opmerking>
      <certificering>5</certificering>
      <status>5</status>
     </analyseresultaat>
     <analyseresultaat>
      <componentcode>1352</componentcode>
      <meetwaarde>0.98</meetwaarde>
      <meetwaardeomschrijving>0.98</meetwaardeomschrijving>
      <eenheidcode>59</eenheidcode>
      <referentiecode>1</referentiecode>
      <opmerking></opmerking>
      <certificering>5</certificering>
      <status>5</status>
     </analyseresultaat>
     <analyseresultaat>
      <componentcode>1372</componentcode>
      <meetwaarde>0.001</meetwaarde>
      <meetwaardeomschrijving>&lt; 0.001</meetwaardeomschrijving>
      <eenheidcode>59</eenheidcode>
      <referentiecode>2</referentiecode>
      <opmerking></opmerking>
      <certificering>5</certificering>
      <status>5</status>
     </analyseresultaat>
     <analyseresultaat>
      <componentcode>1374</componentcode>
      <meetwaarde>0.001</meetwaarde>
      <meetwaardeomschrijving>&lt; 0.001</meetwaardeomschrijving>
      <eenheidcode>59</eenheidcode>
      <referentiecode>2</referentiecode>
      <opmerking></opmerking>
      <certificering>5</certificering>
      <status>5</status>
     </analyseresultaat>
     <analyseresultaat>
      <componentcode>1376</componentcode>
      <meetwaarde>0.001</meetwaarde>
      <meetwaardeomschrijving>&lt; 0.001</meetwaardeomschrijving>
      <eenheidcode>59</eenheidcode>
      <referentiecode>2</referentiecode>
      <opmerking></opmerking>
      <certificering>5</certificering>
      <status>5</status>
     </analyseresultaat>
     <analyseresultaat>
      <componentcode>1377</componentcode>
      <meetwaarde>0.001</meetwaarde>
      <meetwaardeomschrijving>&lt; 0.001</meetwaardeomschrijving>
      <eenheidcode>59</eenheidcode>
      <referentiecode>2</referentiecode>
      <opmerking></opmerking>
      <certificering>5</certificering>
      <status>5</status>
     </analyseresultaat>
     <analyseresultaat>
      <componentcode>1380</componentcode>
      <meetwaarde>0.001</meetwaarde>
      <meetwaardeomschrijving>&lt; 0.001</meetwaardeomschrijving>
      <eenheidcode>59</eenheidcode>
      <referentiecode>2</referentiecode>
      <opmerking></opmerking>
      <certificering>5</certificering>
      <status>5</status>
     </analyseresultaat>
     <analyseresultaat>
      <componentcode>1381</componentcode>
      <meetwaarde>0.001</meetwaarde>
      <meetwaardeomschrijving>&lt; 0.001</meetwaardeomschrijving>
      <eenheidcode>59</eenheidcode>
      <referentiecode>2</referentiecode>
      <opmerking></opmerking>
      <certificering>5</certificering>
      <status>5</status>
     </analyseresultaat>
     <analyseresultaat>
      <componentcode>1382</componentcode>
      <meetwaarde>0.001</meetwaarde>
      <meetwaardeomschrijving>&lt; 0.001</meetwaardeomschrijving>
      <eenheidcode>59</eenheidcode>
      <referentiecode>2</referentiecode>
      <opmerking></opmerking>
      <certificering>5</certificering>
      <status>5</status>
     </analyseresultaat>
     <analyseresultaat>
      <componentcode>1387</componentcode>
      <meetwaarde>0.008</meetwaarde>
      <meetwaardeomschrijving>0.008</meetwaardeomschrijving>
      <eenheidcode>59</eenheidcode>
      <referentiecode>1</referentiecode>
      <opmerking></opmerking>
      <certificering>5</certificering>
      <status>5</status>
     </analyseresultaat>
     <analyseresultaat>
      <componentcode>1390</componentcode>
      <meetwaarde>0.003</meetwaarde>
      <meetwaardeomschrijving>&lt;0.003</meetwaardeomschrijving>
      <eenheidcode>59</eenheidcode>
      <referentiecode>2</referentiecode>
      <opmerking></opmerking>
      <certificering>5</certificering>
      <status>5</status>
     </analyseresultaat>
     <analyseresultaat>
      <componentcode>1521</componentcode>
      <meetwaarde>0.001</meetwaarde>
      <meetwaardeomschrijving>&lt; 0.001</meetwaardeomschrijving>
      <eenheidcode>59</eenheidcode>
      <referentiecode>2</referentiecode>
      <opmerking></opmerking>
      <certificering>5</certificering>
      <status>5</status>
     </analyseresultaat>
     <analyseresultaat>
      <componentcode>1580</componentcode>
      <meetwaarde>0.001</meetwaarde>
      <meetwaardeomschrijving>&lt; 0.001</meetwaardeomschrijving>
      <eenheidcode>59</eenheidcode>
      <referentiecode>2</referentiecode>
      <opmerking></opmerking>
      <certificering>5</certificering>
      <status>5</status>
     </analyseresultaat>
     <analyseresultaat>
      <componentcode>1581</componentcode>
      <meetwaarde>0.001</meetwaarde>
      <meetwaardeomschrijving>&lt; 0.001</meetwaardeomschrijving>
      <eenheidcode>59</eenheidcode>
      <referentiecode>2</referentiecode>
      <opmerking></opmerking>
      <certificering>5</certificering>
      <status>5</status>
     </analyseresultaat>
     <analyseresultaat>
      <componentcode>1693</componentcode>
      <meetwaarde>120</meetwaarde>
      <meetwaardeomschrijving>120</meetwaardeomschrijving>
      <eenheidcode>59</eenheidcode>
      <referentiecode>1</referentiecode>
      <opmerking></opmerking>
      <certificering>5</certificering>
      <status>5</status>
     </analyseresultaat>
     <analyseresultaat>
      <componentcode>2146</componentcode>
      <meetwaarde>0.001</meetwaarde>
      <meetwaardeomschrijving>&lt; 0.001</meetwaardeomschrijving>
      <eenheidcode>59</eenheidcode>
      <referentiecode>2</referentiecode>
      <opmerking></opmerking>
      <certificering>5</certificering>
      <status>5</status>
     </analyseresultaat>
     <analyseresultaat>
      <componentcode>2380</componentcode>
      <meetwaarde>0.005</meetwaarde>
      <meetwaardeomschrijving>0.005</meetwaardeomschrijving>
      <eenheidcode>59</eenheidcode>
      <referentiecode>6</referentiecode>
      <opmerking></opmerking>
      <certificering>5</certificering>
      <status>5</status>
     </analyseresultaat>
     <analyseresultaat>
      <componentcode>2385</componentcode>
      <meetwaarde>0.001</meetwaarde>
      <meetwaardeomschrijving>0.001</meetwaardeomschrijving>
      <eenheidcode>59</eenheidcode>
      <referentiecode>6</referentiecode>
      <opmerking></opmerking>
      <certificering>5</certificering>
      <status>5</status>
     </analyseresultaat>
     <analyseresultaat>
      <componentcode>2386</componentcode>
      <meetwaarde>0.001</meetwaarde>
      <meetwaardeomschrijving>0.001</meetwaardeomschrijving>
      <eenheidcode>59</eenheidcode>
      <referentiecode>6</referentiecode>
      <opmerking></opmerking>
      <certificering>5</certificering>
      <status>5</status>
     </analyseresultaat>
     <analyseresultaat>
      <componentcode>2571</componentcode>
      <meetwaarde>0.036</meetwaarde>
      <meetwaardeomschrijving>0.036</meetwaardeomschrijving>
      <eenheidcode>59</eenheidcode>
      <referentiecode>1</referentiecode>
      <opmerking></opmerking>
      <certificering>1</certificering>
      <status>5</status>
     </analyseresultaat>
     <analyseresultaat>
      <componentcode>2717</componentcode>
      <meetwaarde>0.033</meetwaarde>
      <meetwaardeomschrijving>0.033</meetwaardeomschrijving>
      <eenheidcode>59</eenheidcode>
      <referentiecode>1</referentiecode>
      <opmerking></opmerking>
      <certificering>1</certificering>
      <status>5</status>
     </analyseresultaat>
     <analyseresultaat>
      <componentcode>4188</componentcode>
      <meetwaarde>810</meetwaarde>
      <meetwaardeomschrijving>810</meetwaardeomschrijving>
      <eenheidcode>109</eenheidcode>
      <referentiecode>1</referentiecode>
      <opmerking></opmerking>
      <certificering>2</certificering>
      <status>5</status>
     </analyseresultaat>
    </analyseresultaten>
   </analysemonster>
   <analysemonster>
    <idanlmons>613157082</idanlmons>
    <anlmons>ALE5_OW_MV32_S</anlmons>
    <monstersoort>18</monstersoort>
    <status>5</status>
    <opmerking></opmerking>
    <analyseresultaten>
     <analyseresultaat>
      <componentcode>111</componentcode>
      <meetwaarde>0.002</meetwaarde>
      <meetwaardeomschrijving>0.002</meetwaardeomschrijving>
      <eenheidcode>59</eenheidcode>
      <referentiecode>1</referentiecode>
      <opmerking></opmerking>
      <certificering>5</certificering>
      <status>5</status>
     </analyseresultaat>
     <analyseresultaat>
      <componentcode>112</componentcode>
      <meetwaarde>0.001</meetwaarde>
      <meetwaardeomschrijving>&lt; 0.001</meetwaardeomschrijving>
      <eenheidcode>59</eenheidcode>
      <referentiecode>2</referentiecode>
      <opmerking></opmerking>
      <certificering>5</certificering>
      <status>5</status>
     </analyseresultaat>
     <analyseresultaat>
      <componentcode>113</componentcode>
      <meetwaarde>0.001</meetwaarde>
      <meetwaardeomschrijving>&lt; 0.001</meetwaardeomschrijving>
      <eenheidcode>59</eenheidcode>
      <referentiecode>2</referentiecode>
      <opmerking></opmerking>
      <certificering>5</certificering>
      <status>5</status>
     </analyseresultaat>
     <analyseresultaat>
      <componentcode>215</componentcode>
      <meetwaarde>0.011</meetwaarde>
      <meetwaardeomschrijving>0.011</meetwaardeomschrijving>
      <eenheidcode>59</eenheidcode>
      <referentiecode>1</referentiecode>
      <opmerking></opmerking>
      <certificering>5</certificering>
      <status>5</status>
     </analyseresultaat>
     <analyseresultaat>
      <componentcode>216</componentcode>
      <meetwaarde>0.008</meetwaarde>
      <meetwaardeomschrijving>0.008</meetwaardeomschrijving>
      <eenheidcode>59</eenheidcode>
      <referentiecode>1</referentiecode>
      <opmerking></opmerking>
      <certificering>5</certificering>
      <status>5</status>
     </analyseresultaat>
     <analyseresultaat>
      <componentcode>217</componentcode>
      <meetwaarde>0.001</meetwaarde>
      <meetwaardeomschrijving>&lt; 0.001</meetwaardeomschrijving>
      <eenheidcode>59</eenheidcode>
      <referentiecode>2</referentiecode>
      <opmerking></opmerking>
      <certificering>5</certificering>
      <status>5</status>
     </analyseresultaat>
     <analyseresultaat>
      <componentcode>268</componentcode>
      <meetwaarde>0.001</meetwaarde>
      <meetwaardeomschrijving>&lt; 0.001</meetwaardeomschrijving>
      <eenheidcode>59</eenheidcode>
      <referentiecode>2</referentiecode>
      <opmerking></opmerking>
      <certificering>5</certificering>
      <status>5</status>
     </analyseresultaat>
     <analyseresultaat>
      <componentcode>269</componentcode>
      <meetwaarde>0.001</meetwaarde>
      <meetwaardeomschrijving>&lt; 0.001</meetwaardeomschrijving>
      <eenheidcode>59</eenheidcode>
      <referentiecode>2</referentiecode>
      <opmerking></opmerking>
      <certificering>5</certificering>
      <status>5</status>
     </analyseresultaat>
     <analyseresultaat>
      <componentcode>271</componentcode>
      <meetwaarde>0.001</meetwaarde>
      <meetwaardeomschrijving>&lt; 0.001</meetwaardeomschrijving>
      <eenheidcode>59</eenheidcode>
      <referentiecode>2</referentiecode>
      <opmerking></opmerking>
      <certificering>5</certificering>
      <status>5</status>
     </analyseresultaat>
     <analyseresultaat>
      <componentcode>272</componentcode>
      <meetwaarde>0.001</meetwaarde>
      <meetwaardeomschrijving>&lt; 0.001</meetwaardeomschrijving>
      <eenheidcode>59</eenheidcode>
      <referentiecode>2</referentiecode>
      <opmerking></opmerking>
      <certificering>5</certificering>
      <status>5</status>
     </analyseresultaat>
     <analyseresultaat>
      <componentcode>299</componentcode>
      <meetwaarde>0.54</meetwaarde>
      <meetwaardeomschrijving>0.54</meetwaardeomschrijving>
      <eenheidcode>59</eenheidcode>
      <referentiecode>1</referentiecode>
      <opmerking></opmerking>
      <certificering>5</certificering>
      <status>5</status>
     </analyseresultaat>
     <analyseresultaat>
      <componentcode>310</componentcode>
      <meetwaarde>8.7</meetwaarde>
      <meetwaardeomschrijving>8.7</meetwaardeomschrijving>
      <eenheidcode>59</eenheidcode>
      <referentiecode>1</referentiecode>
      <opmerking></opmerking>
      <certificering>5</certificering>
      <status>5</status>
     </analyseresultaat>
     <analyseresultaat>
      <componentcode>333</componentcode>
      <meetwaarde>120</meetwaarde>
      <meetwaardeomschrijving>120</meetwaardeomschrijving>
      <eenheidcode>59</eenheidcode>
      <referentiecode>1</referentiecode>
      <opmerking></opmerking>
      <certificering>5</certificering>
      <status>5</status>
     </analyseresultaat>
     <analyseresultaat>
      <componentcode>345</componentcode>
      <meetwaarde>1.2</meetwaarde>
      <meetwaardeomschrijving>1.2</meetwaardeomschrijving>
      <eenheidcode>59</eenheidcode>
      <referentiecode>1</referentiecode>
      <opmerking></opmerking>
      <certificering>5</certificering>
      <status>5</status>
     </analyseresultaat>
     <analyseresultaat>
      <componentcode>346</componentcode>
      <meetwaarde>1.3</meetwaarde>
      <meetwaardeomschrijving>1.3</meetwaardeomschrijving>
      <eenheidcode>59</eenheidcode>
      <referentiecode>1</referentiecode>
      <opmerking></opmerking>
      <certificering>5</certificering>
      <status>5</status>
     </analyseresultaat>
     <analyseresultaat>
      <componentcode>351</componentcode>
      <meetwaarde>0.96</meetwaarde>
      <meetwaardeomschrijving>0.96</meetwaardeomschrijving>
      <eenheidcode>59</eenheidcode>
      <referentiecode>1</referentiecode>
      <opmerking></opmerking>
      <certificering>5</certificering>
      <status>5</status>
     </analyseresultaat>
     <analyseresultaat>
      <componentcode>353</componentcode>
      <meetwaarde>0.88</meetwaarde>
      <meetwaardeomschrijving>0.88</meetwaardeomschrijving>
      <eenheidcode>59</eenheidcode>
      <referentiecode>1</referentiecode>
      <opmerking></opmerking>
      <certificering>5</certificering>
      <status>5</status>
     </analyseresultaat>
     <analyseresultaat>
      <componentcode>366</componentcode>
      <meetwaarde>0.001</meetwaarde>
      <meetwaardeomschrijving>&lt; 0.001</meetwaardeomschrijving>
      <eenheidcode>59</eenheidcode>
      <referentiecode>2</referentiecode>
      <opmerking></opmerking>
      <certificering>5</certificering>
      <status>5</status>
     </analyseresultaat>
     <analyseresultaat>
      <componentcode>441</componentcode>
      <meetwaarde>0.61</meetwaarde>
      <meetwaardeomschrijving>0.61</meetwaardeomschrijving>
      <eenheidcode>59</eenheidcode>
      <referentiecode>1</referentiecode>
      <opmerking></opmerking>
      <certificering>5</certificering>
      <status>5</status>
     </analyseresultaat>
     <analyseresultaat>
      <componentcode>517</componentcode>
      <meetwaarde>26</meetwaarde>
      <meetwaardeomschrijving>26</meetwaardeomschrijving>
      <eenheidcode>59</eenheidcode>
      <referentiecode>1</referentiecode>
      <opmerking></opmerking>
      <certificering>5</certificering>
      <status>5</status>
     </analyseresultaat>
     <analyseresultaat>
      <componentcode>518</componentcode>
      <meetwaarde>1.5</meetwaarde>
      <meetwaardeomschrijving>1.5</meetwaardeomschrijving>
      <eenheidcode>59</eenheidcode>
      <referentiecode>1</referentiecode>
      <opmerking></opmerking>
      <certificering>5</certificering>
      <status>5</status>
     </analyseresultaat>
     <analyseresultaat>
      <componentcode>522</componentcode>
      <meetwaarde>0.001</meetwaarde>
      <meetwaardeomschrijving>&lt; 0.001</meetwaardeomschrijving>
      <eenheidcode>59</eenheidcode>
      <referentiecode>2</referentiecode>
      <opmerking></opmerking>
      <certificering>5</certificering>
      <status>5</status>
     </analyseresultaat>
     <analyseresultaat>
      <componentcode>527</componentcode>
      <meetwaarde>7.2</meetwaarde>
      <meetwaardeomschrijving>7.2</meetwaardeomschrijving>
      <eenheidcode>59</eenheidcode>
      <referentiecode>1</referentiecode>
      <opmerking></opmerking>
      <certificering>5</certificering>
      <status>5</status>
     </analyseresultaat>
     <analyseresultaat>
      <componentcode>552</componentcode>
      <meetwaarde>0.013</meetwaarde>
      <meetwaardeomschrijving>0.013</meetwaardeomschrijving>
      <eenheidcode>59</eenheidcode>
      <referentiecode>1</referentiecode>
      <opmerking></opmerking>
      <certificering>5</certificering>
      <status>5</status>
     </analyseresultaat>
     <analyseresultaat>
      <componentcode>553</componentcode>
      <meetwaarde>0.009</meetwaarde>
      <meetwaardeomschrijving>0.009</meetwaardeomschrijving>
      <eenheidcode>59</eenheidcode>
      <referentiecode>1</referentiecode>
      <opmerking></opmerking>
      <certificering>5</certificering>
      <status>5</status>
     </analyseresultaat>
     <analyseresultaat>
      <componentcode>554</componentcode>
      <meetwaarde>0.001</meetwaarde>
      <meetwaardeomschrijving>0.001</meetwaardeomschrijving>
      <eenheidcode>59</eenheidcode>
      <referentiecode>6</referentiecode>
      <opmerking></opmerking>
      <certificering>5</certificering>
      <status>5</status>
     </analyseresultaat>
     <analyseresultaat>
      <componentcode>555</componentcode>
      <meetwaarde>0.023</meetwaarde>
      <meetwaardeomschrijving>0.023</meetwaardeomschrijving>
      <eenheidcode>59</eenheidcode>
      <referentiecode>1</referentiecode>
      <opmerking></opmerking>
      <certificering>5</certificering>
      <status>5</status>
     </analyseresultaat>
     <analyseresultaat>
      <componentcode>562</componentcode>
      <meetwaarde>0.001</meetwaarde>
      <meetwaardeomschrijving>&lt; 0.001</meetwaardeomschrijving>
      <eenheidcode>59</eenheidcode>
      <referentiecode>2</referentiecode>
      <opmerking></opmerking>
      <certificering>5</certificering>
      <status>5</status>
     </analyseresultaat>
     <analyseresultaat>
      <componentcode>633</componentcode>
      <meetwaarde>0.001</meetwaarde>
      <meetwaardeomschrijving>&lt; 0.001</meetwaardeomschrijving>
      <eenheidcode>59</eenheidcode>
      <referentiecode>2</referentiecode>
      <opmerking></opmerking>
      <certificering>5</certificering>
      <status>5</status>
     </analyseresultaat>
     <analyseresultaat>
      <componentcode>689</componentcode>
      <meetwaarde>0.002</meetwaarde>
      <meetwaardeomschrijving>0.002</meetwaardeomschrijving>
      <eenheidcode>59</eenheidcode>
      <referentiecode>6</referentiecode>
      <opmerking></opmerking>
      <certificering>5</certificering>
      <status>5</status>
     </analyseresultaat>
     <analyseresultaat>
      <componentcode>692</componentcode>
      <meetwaarde>32.1</meetwaarde>
      <meetwaardeomschrijving>32.1</meetwaardeomschrijving>
      <eenheidcode>3</eenheidcode>
      <referentiecode>1</referentiecode>
      <opmerking></opmerking>
      <certificering>5</certificering>
      <status>5</status>
     </analyseresultaat>
     <analyseresultaat>
      <componentcode>703</componentcode>
      <meetwaarde>0.002</meetwaarde>
      <meetwaardeomschrijving>&lt; 0.002</meetwaardeomschrijving>
      <eenheidcode>59</eenheidcode>
      <referentiecode>2</referentiecode>
      <opmerking></opmerking>
      <certificering>5</certificering>
      <status>5</status>
     </analyseresultaat>
     <analyseresultaat>
      <componentcode>704</componentcode>
      <meetwaarde>0.001</meetwaarde>
      <meetwaardeomschrijving>&lt; 0.001</meetwaardeomschrijving>
      <eenheidcode>59</eenheidcode>
      <referentiecode>2</referentiecode>
      <opmerking></opmerking>
      <certificering>5</certificering>
      <status>5</status>
     </analyseresultaat>
     <analyseresultaat>
      <componentcode>746</componentcode>
      <meetwaarde>0.64</meetwaarde>
      <meetwaardeomschrijving>0.64</meetwaardeomschrijving>
      <eenheidcode>59</eenheidcode>
      <referentiecode>1</referentiecode>
      <opmerking></opmerking>
      <certificering>5</certificering>
      <status>5</status>
     </analyseresultaat>
     <analyseresultaat>
      <componentcode>775</componentcode>
      <meetwaarde>2.6</meetwaarde>
      <meetwaardeomschrijving>2.6</meetwaardeomschrijving>
      <eenheidcode>59</eenheidcode>
      <referentiecode>1</referentiecode>
      <opmerking></opmerking>
      <certificering>5</certificering>
      <status>5</status>
     </analyseresultaat>
     <analyseresultaat>
      <componentcode>816</componentcode>
      <meetwaarde>0.001</meetwaarde>
      <meetwaardeomschrijving>&lt; 0.001</meetwaardeomschrijving>
      <eenheidcode>59</eenheidcode>
      <referentiecode>2</referentiecode>
      <opmerking></opmerking>
      <certificering>5</certificering>
      <status>5</status>
     </analyseresultaat>
     <analyseresultaat>
      <componentcode>831</componentcode>
      <meetwaarde>81.2</meetwaarde>
      <meetwaardeomschrijving>81.2</meetwaardeomschrijving>
      <eenheidcode>123</eenheidcode>
      <referentiecode>1</referentiecode>
      <opmerking></opmerking>
      <certificering>2</certificering>
      <status>5</status>
     </analyseresultaat>
     <analyseresultaat>
      <componentcode>835</componentcode>
      <meetwaarde>18.8</meetwaarde>
      <meetwaardeomschrijving>18.8</meetwaardeomschrijving>
      <eenheidcode>123</eenheidcode>
      <referentiecode>1</referentiecode>
      <opmerking></opmerking>
      <certificering>2</certificering>
      <status>5</status>
     </analyseresultaat>
     <analyseresultaat>
      <componentcode>849</componentcode>
      <meetwaarde>0.003</meetwaarde>
      <meetwaardeomschrijving>0.003</meetwaardeomschrijving>
      <eenheidcode>59</eenheidcode>
      <referentiecode>6</referentiecode>
      <opmerking></opmerking>
      <certificering>5</certificering>
      <status>5</status>
     </analyseresultaat>
     <analyseresultaat>
      <componentcode>853</componentcode>
      <meetwaarde>0.001</meetwaarde>
      <meetwaardeomschrijving>&lt; 0.001</meetwaardeomschrijving>
      <eenheidcode>59</eenheidcode>
      <referentiecode>2</referentiecode>
      <opmerking></opmerking>
      <certificering>5</certificering>
      <status>5</status>
     </analyseresultaat>
     <analyseresultaat>
      <componentcode>861</componentcode>
      <meetwaarde>0.001</meetwaarde>
      <meetwaardeomschrijving>0.001</meetwaardeomschrijving>
      <eenheidcode>59</eenheidcode>
      <referentiecode>1</referentiecode>
      <opmerking></opmerking>
      <certificering>5</certificering>
      <status>5</status>
     </analyseresultaat>
     <analyseresultaat>
      <componentcode>879</componentcode>
      <meetwaarde>18000</meetwaarde>
      <meetwaardeomschrijving>18000</meetwaardeomschrijving>
      <eenheidcode>59</eenheidcode>
      <referentiecode>1</referentiecode>
      <opmerking></opmerking>
      <certificering>2</certificering>
      <status>5</status>
     </analyseresultaat>
     <analyseresultaat>
      <componentcode>882</componentcode>
      <meetwaarde>0.95</meetwaarde>
      <meetwaardeomschrijving>0.95</meetwaardeomschrijving>
      <eenheidcode>59</eenheidcode>
      <referentiecode>1</referentiecode>
      <opmerking></opmerking>
      <certificering>5</certificering>
      <status>5</status>
     </analyseresultaat>
     <analyseresultaat>
      <componentcode>907</componentcode>
      <meetwaarde>0.001</meetwaarde>
      <meetwaardeomschrijving>&lt; 0.001</meetwaardeomschrijving>
      <eenheidcode>59</eenheidcode>
      <referentiecode>2</referentiecode>
      <opmerking></opmerking>
      <certificering>5</certificering>
      <status>5</status>
     </analyseresultaat>
     <analyseresultaat>
      <componentcode>971</componentcode>
      <meetwaarde>33</meetwaarde>
      <meetwaardeomschrijving>33</meetwaardeomschrijving>
      <eenheidcode>59</eenheidcode>
      <referentiecode>1</referentiecode>
      <opmerking></opmerking>
      <certificering>5</certificering>
      <status>5</status>
     </analyseresultaat>
     <analyseresultaat>
      <componentcode>980</componentcode>
      <meetwaarde>9.8</meetwaarde>
      <meetwaardeomschrijving>9.8</meetwaardeomschrijving>
      <eenheidcode>123</eenheidcode>
      <referentiecode>1</referentiecode>
      <opmerking></opmerking>
      <certificering>1</certificering>
      <status>5</status>
     </analyseresultaat>
     <analyseresultaat>
      <componentcode>984</componentcode>
      <meetwaarde>77.5</meetwaarde>
      <meetwaardeomschrijving>77.5</meetwaardeomschrijving>
      <eenheidcode>123</eenheidcode>
      <referentiecode>1</referentiecode>
      <opmerking></opmerking>
      <certificering>2</certificering>
      <status>5</status>
     </analyseresultaat>
     <analyseresultaat>
      <componentcode>992</componentcode>
      <meetwaarde>49.0</meetwaarde>
      <meetwaardeomschrijving>49.0</meetwaardeomschrijving>
      <eenheidcode>123</eenheidcode>
      <referentiecode>1</referentiecode>
      <opmerking></opmerking>
      <certificering>2</certificering>
      <status>5</status>
     </analyseresultaat>
     <analyseresultaat>
      <componentcode>996</componentcode>
      <meetwaarde>22.0</meetwaarde>
      <meetwaardeomschrijving>22.0</meetwaardeomschrijving>
      <eenheidcode>123</eenheidcode>
      <referentiecode>1</referentiecode>
      <opmerking></opmerking>
      <certificering>2</certificering>
      <status>5</status>
     </analyseresultaat>
     <analyseresultaat>
      <componentcode>1011</componentcode>
      <meetwaarde>26.8</meetwaarde>
      <meetwaardeomschrijving>26.8</meetwaardeomschrijving>
      <eenheidcode>123</eenheidcode>
      <referentiecode>1</referentiecode>
      <opmerking></opmerking>
      <certificering>2</certificering>
      <status>5</status>
     </analyseresultaat>
     <analyseresultaat>
      <componentcode>1097</componentcode>
      <meetwaarde>0.31</meetwaarde>
      <meetwaardeomschrijving>0.31</meetwaardeomschrijving>
      <eenheidcode>59</eenheidcode>
      <referentiecode>1</referentiecode>
      <opmerking></opmerking>
      <certificering>5</certificering>
      <status>5</status>
     </analyseresultaat>
     <analyseresultaat>
      <componentcode>1116</componentcode>
      <meetwaarde>120</meetwaarde>
      <meetwaardeomschrijving>120</meetwaardeomschrijving>
      <eenheidcode>59</eenheidcode>
      <referentiecode>1</referentiecode>
      <opmerking></opmerking>
      <certificering>5</certificering>
      <status>5</status>
     </analyseresultaat>
     <analyseresultaat>
      <componentcode>1118</componentcode>
      <meetwaarde>4.0</meetwaarde>
      <meetwaardeomschrijving>4.0</meetwaardeomschrijving>
      <eenheidcode>123</eenheidcode>
      <referentiecode>1</referentiecode>
      <opmerking></opmerking>
      <certificering>5</certificering>
      <status>5</status>
     </analyseresultaat>
     <analyseresultaat>
      <componentcode>1207</componentcode>
      <meetwaarde>480</meetwaarde>
      <meetwaardeomschrijving>480</meetwaardeomschrijving>
      <eenheidcode>59</eenheidcode>
      <referentiecode>1</referentiecode>
      <opmerking></opmerking>
      <certificering>5</certificering>
      <status>5</status>
     </analyseresultaat>
     <analyseresultaat>
      <componentcode>1243</componentcode>
      <meetwaarde>1.9</meetwaarde>
      <meetwaardeomschrijving>1.9</meetwaardeomschrijving>
      <eenheidcode>59</eenheidcode>
      <referentiecode>1</referentiecode>
      <opmerking></opmerking>
      <certificering>5</certificering>
      <status>5</status>
     </analyseresultaat>
     <analyseresultaat>
      <componentcode>1259</componentcode>
      <meetwaarde>0.05</meetwaarde>
      <meetwaardeomschrijving>&lt; 0.05</meetwaardeomschrijving>
      <eenheidcode>59</eenheidcode>
      <referentiecode>2</referentiecode>
      <opmerking></opmerking>
      <certificering>5</certificering>
      <status>5</status>
     </analyseresultaat>
     <analyseresultaat>
      <componentcode>1267</componentcode>
      <meetwaarde>45</meetwaarde>
      <meetwaardeomschrijving>45</meetwaardeomschrijving>
      <eenheidcode>59</eenheidcode>
      <referentiecode>1</referentiecode>
      <opmerking></opmerking>
      <certificering>5</certificering>
      <status>5</status>
     </analyseresultaat>
     <analyseresultaat>
      <componentcode>1319</componentcode>
      <meetwaarde>18.5</meetwaarde>
      <meetwaardeomschrijving>18.5</meetwaardeomschrijving>
      <eenheidcode>123</eenheidcode>
      <referentiecode>1</referentiecode>
      <opmerking></opmerking>
      <certificering>5</certificering>
      <status>5</status>
     </analyseresultaat>
     <analyseresultaat>
      <componentcode>1352</componentcode>
      <meetwaarde>11</meetwaarde>
      <meetwaardeomschrijving>11</meetwaardeomschrijving>
      <eenheidcode>59</eenheidcode>
      <referentiecode>1</referentiecode>
      <opmerking></opmerking>
      <certificering>5</certificering>
      <status>5</status>
     </analyseresultaat>
     <analyseresultaat>
      <componentcode>1372</componentcode>
      <meetwaarde>0.002</meetwaarde>
      <meetwaardeomschrijving>0.002</meetwaardeomschrijving>
      <eenheidcode>59</eenheidcode>
      <referentiecode>1</referentiecode>
      <opmerking></opmerking>
      <certificering>5</certificering>
      <status>5</status>
     </analyseresultaat>
     <analyseresultaat>
      <componentcode>1374</componentcode>
      <meetwaarde>0.001</meetwaarde>
      <meetwaardeomschrijving>0.001</meetwaardeomschrijving>
      <eenheidcode>59</eenheidcode>
      <referentiecode>1</referentiecode>
      <opmerking></opmerking>
      <certificering>5</certificering>
      <status>5</status>
     </analyseresultaat>
     <analyseresultaat>
      <componentcode>1376</componentcode>
      <meetwaarde>0.002</meetwaarde>
      <meetwaardeomschrijving>0.002</meetwaardeomschrijving>
      <eenheidcode>59</eenheidcode>
      <referentiecode>1</referentiecode>
      <opmerking></opmerking>
      <certificering>5</certificering>
      <status>5</status>
     </analyseresultaat>
     <analyseresultaat>
      <componentcode>1377</componentcode>
      <meetwaarde>0.003</meetwaarde>
      <meetwaardeomschrijving>0.003</meetwaardeomschrijving>
      <eenheidcode>59</eenheidcode>
      <referentiecode>1</referentiecode>
      <opmerking></opmerking>
      <certificering>5</certificering>
      <status>5</status>
     </analyseresultaat>
     <analyseresultaat>
      <componentcode>1380</componentcode>
      <meetwaarde>0.002</meetwaarde>
      <meetwaardeomschrijving>0.002</meetwaardeomschrijving>
      <eenheidcode>59</eenheidcode>
      <referentiecode>1</referentiecode>
      <opmerking></opmerking>
      <certificering>5</certificering>
      <status>5</status>
     </analyseresultaat>
     <analyseresultaat>
      <componentcode>1381</componentcode>
      <meetwaarde>0.001</meetwaarde>
      <meetwaardeomschrijving>&lt; 0.001</meetwaardeomschrijving>
      <eenheidcode>59</eenheidcode>
      <referentiecode>2</referentiecode>
      <opmerking></opmerking>
      <certificering>5</certificering>
      <status>5</status>
     </analyseresultaat>
     <analyseresultaat>
      <componentcode>1382</componentcode>
      <meetwaarde>0.001</meetwaarde>
      <meetwaardeomschrijving>0.001</meetwaardeomschrijving>
      <eenheidcode>59</eenheidcode>
      <referentiecode>1</referentiecode>
      <opmerking></opmerking>
      <certificering>5</certificering>
      <status>5</status>
     </analyseresultaat>
     <analyseresultaat>
      <componentcode>1387</componentcode>
      <meetwaarde>0.001</meetwaarde>
      <meetwaardeomschrijving>0.001</meetwaardeomschrijving>
      <eenheidcode>59</eenheidcode>
      <referentiecode>1</referentiecode>
      <opmerking></opmerking>
      <certificering>5</certificering>
      <status>5</status>
     </analyseresultaat>
     <analyseresultaat>
      <componentcode>1390</componentcode>
      <meetwaarde>0.003</meetwaarde>
      <meetwaardeomschrijving>&lt;0.003</meetwaardeomschrijving>
      <eenheidcode>59</eenheidcode>
      <referentiecode>2</referentiecode>
      <opmerking></opmerking>
      <certificering>5</certificering>
      <status>5</status>
     </analyseresultaat>
     <analyseresultaat>
      <componentcode>1521</componentcode>
      <meetwaarde>0.001</meetwaarde>
      <meetwaardeomschrijving>&lt; 0.001</meetwaardeomschrijving>
      <eenheidcode>59</eenheidcode>
      <referentiecode>2</referentiecode>
      <opmerking></opmerking>
      <certificering>5</certificering>
      <status>5</status>
     </analyseresultaat>
     <analyseresultaat>
      <componentcode>1580</componentcode>
      <meetwaarde>0.001</meetwaarde>
      <meetwaardeomschrijving>&lt; 0.001</meetwaardeomschrijving>
      <eenheidcode>59</eenheidcode>
      <referentiecode>2</referentiecode>
      <opmerking></opmerking>
      <certificering>5</certificering>
      <status>5</status>
     </analyseresultaat>
     <analyseresultaat>
      <componentcode>1581</componentcode>
      <meetwaarde>0.001</meetwaarde>
      <meetwaardeomschrijving>&lt; 0.001</meetwaardeomschrijving>
      <eenheidcode>59</eenheidcode>
      <referentiecode>2</referentiecode>
      <opmerking></opmerking>
      <certificering>5</certificering>
      <status>5</status>
     </analyseresultaat>
     <analyseresultaat>
      <componentcode>1693</componentcode>
      <meetwaarde>260</meetwaarde>
      <meetwaardeomschrijving>260</meetwaardeomschrijving>
      <eenheidcode>59</eenheidcode>
      <referentiecode>1</referentiecode>
      <opmerking></opmerking>
      <certificering>5</certificering>
      <status>5</status>
     </analyseresultaat>
     <analyseresultaat>
      <componentcode>2146</componentcode>
      <meetwaarde>0.001</meetwaarde>
      <meetwaardeomschrijving>&lt; 0.001</meetwaardeomschrijving>
      <eenheidcode>59</eenheidcode>
      <referentiecode>2</referentiecode>
      <opmerking></opmerking>
      <certificering>5</certificering>
      <status>5</status>
     </analyseresultaat>
     <analyseresultaat>
      <componentcode>2380</componentcode>
      <meetwaarde>0.012</meetwaarde>
      <meetwaardeomschrijving>0.012</meetwaardeomschrijving>
      <eenheidcode>59</eenheidcode>
      <referentiecode>1</referentiecode>
      <opmerking></opmerking>
      <certificering>5</certificering>
      <status>5</status>
     </analyseresultaat>
     <analyseresultaat>
      <componentcode>2385</componentcode>
      <meetwaarde>0.001</meetwaarde>
      <meetwaardeomschrijving>0.001</meetwaardeomschrijving>
      <eenheidcode>59</eenheidcode>
      <referentiecode>6</referentiecode>
      <opmerking></opmerking>
      <certificering>5</certificering>
      <status>5</status>
     </analyseresultaat>
     <analyseresultaat>
      <componentcode>2386</componentcode>
      <meetwaarde>0.001</meetwaarde>
      <meetwaardeomschrijving>0.001</meetwaardeomschrijving>
      <eenheidcode>59</eenheidcode>
      <referentiecode>6</referentiecode>
      <opmerking></opmerking>
      <certificering>5</certificering>
      <status>5</status>
     </analyseresultaat>
     <analyseresultaat>
      <componentcode>2571</componentcode>
      <meetwaarde>0.034</meetwaarde>
      <meetwaardeomschrijving>0.034</meetwaardeomschrijving>
      <eenheidcode>59</eenheidcode>
      <referentiecode>1</referentiecode>
      <opmerking></opmerking>
      <certificering>1</certificering>
      <status>5</status>
     </analyseresultaat>
     <analyseresultaat>
      <componentcode>2717</componentcode>
      <meetwaarde>0.036</meetwaarde>
      <meetwaardeomschrijving>0.036</meetwaardeomschrijving>
      <eenheidcode>59</eenheidcode>
      <referentiecode>1</referentiecode>
      <opmerking></opmerking>
      <certificering>1</certificering>
      <status>5</status>
     </analyseresultaat>
     <analyseresultaat>
      <componentcode>4188</componentcode>
      <meetwaarde>770</meetwaarde>
      <meetwaardeomschrijving>770</meetwaardeomschrijving>
      <eenheidcode>109</eenheidcode>
      <referentiecode>1</referentiecode>
      <opmerking></opmerking>
      <certificering>2</certificering>
      <status>5</status>
     </analyseresultaat>
    </analyseresultaten>
   </analysemonster>
   <analysemonster>
    <idanlmons>613157083</idanlmons>
    <anlmons>ALE5_PA_MV87_S</anlmons>
    <monstersoort>18</monstersoort>
    <status>5</status>
    <opmerking></opmerking>
    <analyseresultaten>
     <analyseresultaat>
      <componentcode>111</componentcode>
      <meetwaarde>0.001</meetwaarde>
      <meetwaardeomschrijving>&lt; 0.001</meetwaardeomschrijving>
      <eenheidcode>59</eenheidcode>
      <referentiecode>2</referentiecode>
      <opmerking></opmerking>
      <certificering>5</certificering>
      <status>5</status>
     </analyseresultaat>
     <analyseresultaat>
      <componentcode>112</componentcode>
      <meetwaarde>0.001</meetwaarde>
      <meetwaardeomschrijving>&lt; 0.001</meetwaardeomschrijving>
      <eenheidcode>59</eenheidcode>
      <referentiecode>2</referentiecode>
      <opmerking></opmerking>
      <certificering>5</certificering>
      <status>5</status>
     </analyseresultaat>
     <analyseresultaat>
      <componentcode>113</componentcode>
      <meetwaarde>0.001</meetwaarde>
      <meetwaardeomschrijving>&lt; 0.001</meetwaardeomschrijving>
      <eenheidcode>59</eenheidcode>
      <referentiecode>2</referentiecode>
      <opmerking></opmerking>
      <certificering>5</certificering>
      <status>5</status>
     </analyseresultaat>
     <analyseresultaat>
      <componentcode>215</componentcode>
      <meetwaarde>0.001</meetwaarde>
      <meetwaardeomschrijving>&lt; 0.001</meetwaardeomschrijving>
      <eenheidcode>59</eenheidcode>
      <referentiecode>2</referentiecode>
      <opmerking></opmerking>
      <certificering>5</certificering>
      <status>5</status>
     </analyseresultaat>
     <analyseresultaat>
      <componentcode>216</componentcode>
      <meetwaarde>0.002</meetwaarde>
      <meetwaardeomschrijving>0.002</meetwaardeomschrijving>
      <eenheidcode>59</eenheidcode>
      <referentiecode>1</referentiecode>
      <opmerking></opmerking>
      <certificering>5</certificering>
      <status>5</status>
     </analyseresultaat>
     <analyseresultaat>
      <componentcode>217</componentcode>
      <meetwaarde>0.001</meetwaarde>
      <meetwaardeomschrijving>&lt; 0.001</meetwaardeomschrijving>
      <eenheidcode>59</eenheidcode>
      <referentiecode>2</referentiecode>
      <opmerking></opmerking>
      <certificering>5</certificering>
      <status>5</status>
     </analyseresultaat>
     <analyseresultaat>
      <componentcode>268</componentcode>
      <meetwaarde>0.001</meetwaarde>
      <meetwaardeomschrijving>&lt; 0.001</meetwaardeomschrijving>
      <eenheidcode>59</eenheidcode>
      <referentiecode>2</referentiecode>
      <opmerking></opmerking>
      <certificering>5</certificering>
      <status>5</status>
     </analyseresultaat>
     <analyseresultaat>
      <componentcode>269</componentcode>
      <meetwaarde>0.001</meetwaarde>
      <meetwaardeomschrijving>&lt; 0.001</meetwaardeomschrijving>
      <eenheidcode>59</eenheidcode>
      <referentiecode>2</referentiecode>
      <opmerking></opmerking>
      <certificering>5</certificering>
      <status>5</status>
     </analyseresultaat>
     <analyseresultaat>
      <componentcode>271</componentcode>
      <meetwaarde>0.001</meetwaarde>
      <meetwaardeomschrijving>&lt; 0.001</meetwaardeomschrijving>
      <eenheidcode>59</eenheidcode>
      <referentiecode>2</referentiecode>
      <opmerking></opmerking>
      <certificering>5</certificering>
      <status>5</status>
     </analyseresultaat>
     <analyseresultaat>
      <componentcode>272</componentcode>
      <meetwaarde>0.001</meetwaarde>
      <meetwaardeomschrijving>&lt; 0.001</meetwaardeomschrijving>
      <eenheidcode>59</eenheidcode>
      <referentiecode>2</referentiecode>
      <opmerking></opmerking>
      <certificering>5</certificering>
      <status>5</status>
     </analyseresultaat>
     <analyseresultaat>
      <componentcode>299</componentcode>
      <meetwaarde>0.05</meetwaarde>
      <meetwaardeomschrijving>&lt; 0.05</meetwaardeomschrijving>
      <eenheidcode>59</eenheidcode>
      <referentiecode>2</referentiecode>
      <opmerking></opmerking>
      <certificering>5</certificering>
      <status>5</status>
     </analyseresultaat>
     <analyseresultaat>
      <componentcode>310</componentcode>
      <meetwaarde>9.7</meetwaarde>
      <meetwaardeomschrijving>9.7</meetwaardeomschrijving>
      <eenheidcode>59</eenheidcode>
      <referentiecode>1</referentiecode>
      <opmerking></opmerking>
      <certificering>5</certificering>
      <status>5</status>
     </analyseresultaat>
     <analyseresultaat>
      <componentcode>333</componentcode>
      <meetwaarde>94</meetwaarde>
      <meetwaardeomschrijving>94</meetwaardeomschrijving>
      <eenheidcode>59</eenheidcode>
      <referentiecode>1</referentiecode>
      <opmerking></opmerking>
      <certificering>5</certificering>
      <status>5</status>
     </analyseresultaat>
     <analyseresultaat>
      <componentcode>345</componentcode>
      <meetwaarde>0.07</meetwaarde>
      <meetwaardeomschrijving>0.07</meetwaardeomschrijving>
      <eenheidcode>59</eenheidcode>
      <referentiecode>1</referentiecode>
      <opmerking></opmerking>
      <certificering>5</certificering>
      <status>5</status>
     </analyseresultaat>
     <analyseresultaat>
      <componentcode>346</componentcode>
      <meetwaarde>0.08</meetwaarde>
      <meetwaardeomschrijving>0.08</meetwaardeomschrijving>
      <eenheidcode>59</eenheidcode>
      <referentiecode>1</referentiecode>
      <opmerking></opmerking>
      <certificering>5</certificering>
      <status>5</status>
     </analyseresultaat>
     <analyseresultaat>
      <componentcode>351</componentcode>
      <meetwaarde>0.08</meetwaarde>
      <meetwaardeomschrijving>0.08</meetwaardeomschrijving>
      <eenheidcode>59</eenheidcode>
      <referentiecode>1</referentiecode>
      <opmerking></opmerking>
      <certificering>5</certificering>
      <status>5</status>
     </analyseresultaat>
     <analyseresultaat>
      <componentcode>353</componentcode>
      <meetwaarde>0.08</meetwaarde>
      <meetwaardeomschrijving>0.08</meetwaardeomschrijving>
      <eenheidcode>59</eenheidcode>
      <referentiecode>1</referentiecode>
      <opmerking></opmerking>
      <certificering>5</certificering>
      <status>5</status>
     </analyseresultaat>
     <analyseresultaat>
      <componentcode>366</componentcode>
      <meetwaarde>0.001</meetwaarde>
      <meetwaardeomschrijving>&lt; 0.001</meetwaardeomschrijving>
      <eenheidcode>59</eenheidcode>
      <referentiecode>2</referentiecode>
      <opmerking></opmerking>
      <certificering>5</certificering>
      <status>5</status>
     </analyseresultaat>
     <analyseresultaat>
      <componentcode>441</componentcode>
      <meetwaarde>0.25</meetwaarde>
      <meetwaardeomschrijving>0.25</meetwaardeomschrijving>
      <eenheidcode>59</eenheidcode>
      <referentiecode>1</referentiecode>
      <opmerking></opmerking>
      <certificering>5</certificering>
      <status>5</status>
     </analyseresultaat>
     <analyseresultaat>
      <componentcode>517</componentcode>
      <meetwaarde>28</meetwaarde>
      <meetwaardeomschrijving>28</meetwaardeomschrijving>
      <eenheidcode>59</eenheidcode>
      <referentiecode>1</referentiecode>
      <opmerking></opmerking>
      <certificering>5</certificering>
      <status>5</status>
     </analyseresultaat>
     <analyseresultaat>
      <componentcode>518</componentcode>
      <meetwaarde>0.11</meetwaarde>
      <meetwaardeomschrijving>0.11</meetwaardeomschrijving>
      <eenheidcode>59</eenheidcode>
      <referentiecode>1</referentiecode>
      <opmerking></opmerking>
      <certificering>5</certificering>
      <status>5</status>
     </analyseresultaat>
     <analyseresultaat>
      <componentcode>522</componentcode>
      <meetwaarde>0.004</meetwaarde>
      <meetwaardeomschrijving>0.004</meetwaardeomschrijving>
      <eenheidcode>59</eenheidcode>
      <referentiecode>1</referentiecode>
      <opmerking></opmerking>
      <certificering>5</certificering>
      <status>5</status>
     </analyseresultaat>
     <analyseresultaat>
      <componentcode>527</componentcode>
      <meetwaarde>7.1</meetwaarde>
      <meetwaardeomschrijving>7.1</meetwaardeomschrijving>
      <eenheidcode>59</eenheidcode>
      <referentiecode>1</referentiecode>
      <opmerking></opmerking>
      <certificering>5</certificering>
      <status>5</status>
     </analyseresultaat>
     <analyseresultaat>
      <componentcode>552</componentcode>
      <meetwaarde>0.001</meetwaarde>
      <meetwaardeomschrijving>0.001</meetwaardeomschrijving>
      <eenheidcode>59</eenheidcode>
      <referentiecode>6</referentiecode>
      <opmerking></opmerking>
      <certificering>5</certificering>
      <status>5</status>
     </analyseresultaat>
     <analyseresultaat>
      <componentcode>553</componentcode>
      <meetwaarde>0.003</meetwaarde>
      <meetwaardeomschrijving>0.003</meetwaardeomschrijving>
      <eenheidcode>59</eenheidcode>
      <referentiecode>1</referentiecode>
      <opmerking></opmerking>
      <certificering>5</certificering>
      <status>5</status>
     </analyseresultaat>
     <analyseresultaat>
      <componentcode>554</componentcode>
      <meetwaarde>0.001</meetwaarde>
      <meetwaardeomschrijving>0.001</meetwaardeomschrijving>
      <eenheidcode>59</eenheidcode>
      <referentiecode>6</referentiecode>
      <opmerking></opmerking>
      <certificering>5</certificering>
      <status>5</status>
     </analyseresultaat>
     <analyseresultaat>
      <componentcode>555</componentcode>
      <meetwaarde>0.006</meetwaarde>
      <meetwaardeomschrijving>0.006</meetwaardeomschrijving>
      <eenheidcode>59</eenheidcode>
      <referentiecode>1</referentiecode>
      <opmerking></opmerking>
      <certificering>5</certificering>
      <status>5</status>
     </analyseresultaat>
     <analyseresultaat>
      <componentcode>562</componentcode>
      <meetwaarde>0.001</meetwaarde>
      <meetwaardeomschrijving>&lt; 0.001</meetwaardeomschrijving>
      <eenheidcode>59</eenheidcode>
      <referentiecode>2</referentiecode>
      <opmerking></opmerking>
      <certificering>5</certificering>
      <status>5</status>
     </analyseresultaat>
     <analyseresultaat>
      <componentcode>633</componentcode>
      <meetwaarde>0.001</meetwaarde>
      <meetwaardeomschrijving>&lt; 0.001</meetwaardeomschrijving>
      <eenheidcode>59</eenheidcode>
      <referentiecode>2</referentiecode>
      <opmerking></opmerking>
      <certificering>5</certificering>
      <status>5</status>
     </analyseresultaat>
     <analyseresultaat>
      <componentcode>689</componentcode>
      <meetwaarde>0.002</meetwaarde>
      <meetwaardeomschrijving>0.002</meetwaardeomschrijving>
      <eenheidcode>59</eenheidcode>
      <referentiecode>6</referentiecode>
      <opmerking></opmerking>
      <certificering>5</certificering>
      <status>5</status>
     </analyseresultaat>
     <analyseresultaat>
      <componentcode>692</componentcode>
      <meetwaarde>26.6</meetwaarde>
      <meetwaardeomschrijving>26.6</meetwaardeomschrijving>
      <eenheidcode>3</eenheidcode>
      <referentiecode>1</referentiecode>
      <opmerking></opmerking>
      <certificering>5</certificering>
      <status>5</status>
     </analyseresultaat>
     <analyseresultaat>
      <componentcode>703</componentcode>
      <meetwaarde>0.002</meetwaarde>
      <meetwaardeomschrijving>&lt; 0.002</meetwaardeomschrijving>
      <eenheidcode>59</eenheidcode>
      <referentiecode>2</referentiecode>
      <opmerking></opmerking>
      <certificering>5</certificering>
      <status>5</status>
     </analyseresultaat>
     <analyseresultaat>
      <componentcode>704</componentcode>
      <meetwaarde>0.001</meetwaarde>
      <meetwaardeomschrijving>&lt; 0.001</meetwaardeomschrijving>
      <eenheidcode>59</eenheidcode>
      <referentiecode>2</referentiecode>
      <opmerking></opmerking>
      <certificering>5</certificering>
      <status>5</status>
     </analyseresultaat>
     <analyseresultaat>
      <componentcode>746</componentcode>
      <meetwaarde>0.06</meetwaarde>
      <meetwaardeomschrijving>0.06</meetwaardeomschrijving>
      <eenheidcode>59</eenheidcode>
      <referentiecode>1</referentiecode>
      <opmerking></opmerking>
      <certificering>5</certificering>
      <status>5</status>
     </analyseresultaat>
     <analyseresultaat>
      <componentcode>775</componentcode>
      <meetwaarde>0.14</meetwaarde>
      <meetwaardeomschrijving>0.14</meetwaardeomschrijving>
      <eenheidcode>59</eenheidcode>
      <referentiecode>1</referentiecode>
      <opmerking></opmerking>
      <certificering>5</certificering>
      <status>5</status>
     </analyseresultaat>
     <analyseresultaat>
      <componentcode>816</componentcode>
      <meetwaarde>0.001</meetwaarde>
      <meetwaardeomschrijving>&lt; 0.001</meetwaardeomschrijving>
      <eenheidcode>59</eenheidcode>
      <referentiecode>2</referentiecode>
      <opmerking></opmerking>
      <certificering>5</certificering>
      <status>5</status>
     </analyseresultaat>
     <analyseresultaat>
      <componentcode>831</componentcode>
      <meetwaarde>80.2</meetwaarde>
      <meetwaardeomschrijving>80.2</meetwaardeomschrijving>
      <eenheidcode>123</eenheidcode>
      <referentiecode>1</referentiecode>
      <opmerking></opmerking>
      <certificering>2</certificering>
      <status>5</status>
     </analyseresultaat>
     <analyseresultaat>
      <componentcode>835</componentcode>
      <meetwaarde>19.8</meetwaarde>
      <meetwaardeomschrijving>19.8</meetwaardeomschrijving>
      <eenheidcode>123</eenheidcode>
      <referentiecode>1</referentiecode>
      <opmerking></opmerking>
      <certificering>2</certificering>
      <status>5</status>
     </analyseresultaat>
     <analyseresultaat>
      <componentcode>849</componentcode>
      <meetwaarde>0.003</meetwaarde>
      <meetwaardeomschrijving>0.003</meetwaardeomschrijving>
      <eenheidcode>59</eenheidcode>
      <referentiecode>6</referentiecode>
      <opmerking></opmerking>
      <certificering>5</certificering>
      <status>5</status>
     </analyseresultaat>
     <analyseresultaat>
      <componentcode>853</componentcode>
      <meetwaarde>0.001</meetwaarde>
      <meetwaardeomschrijving>&lt; 0.001</meetwaardeomschrijving>
      <eenheidcode>59</eenheidcode>
      <referentiecode>2</referentiecode>
      <opmerking></opmerking>
      <certificering>5</certificering>
      <status>5</status>
     </analyseresultaat>
     <analyseresultaat>
      <componentcode>861</componentcode>
      <meetwaarde>0.001</meetwaarde>
      <meetwaardeomschrijving>&lt; 0.001</meetwaardeomschrijving>
      <eenheidcode>59</eenheidcode>
      <referentiecode>2</referentiecode>
      <opmerking></opmerking>
      <certificering>5</certificering>
      <status>5</status>
     </analyseresultaat>
     <analyseresultaat>
      <componentcode>879</componentcode>
      <meetwaarde>23000</meetwaarde>
      <meetwaardeomschrijving>23000</meetwaardeomschrijving>
      <eenheidcode>59</eenheidcode>
      <referentiecode>1</referentiecode>
      <opmerking></opmerking>
      <certificering>2</certificering>
      <status>5</status>
     </analyseresultaat>
     <analyseresultaat>
      <componentcode>882</componentcode>
      <meetwaarde>0.05</meetwaarde>
      <meetwaardeomschrijving>0.05</meetwaardeomschrijving>
      <eenheidcode>59</eenheidcode>
      <referentiecode>1</referentiecode>
      <opmerking></opmerking>
      <certificering>5</certificering>
      <status>5</status>
     </analyseresultaat>
     <analyseresultaat>
      <componentcode>907</componentcode>
      <meetwaarde>0.001</meetwaarde>
      <meetwaardeomschrijving>&lt; 0.001</meetwaardeomschrijving>
      <eenheidcode>59</eenheidcode>
      <referentiecode>2</referentiecode>
      <opmerking></opmerking>
      <certificering>5</certificering>
      <status>5</status>
     </analyseresultaat>
     <analyseresultaat>
      <componentcode>971</componentcode>
      <meetwaarde>21</meetwaarde>
      <meetwaardeomschrijving>21</meetwaardeomschrijving>
      <eenheidcode>59</eenheidcode>
      <referentiecode>1</referentiecode>
      <opmerking></opmerking>
      <certificering>5</certificering>
      <status>5</status>
     </analyseresultaat>
     <analyseresultaat>
      <componentcode>980</componentcode>
      <meetwaarde>20.8</meetwaarde>
      <meetwaardeomschrijving>20.8</meetwaardeomschrijving>
      <eenheidcode>123</eenheidcode>
      <referentiecode>1</referentiecode>
      <opmerking></opmerking>
      <certificering>1</certificering>
      <status>5</status>
     </analyseresultaat>
     <analyseresultaat>
      <componentcode>984</componentcode>
      <meetwaarde>71.9</meetwaarde>
      <meetwaardeomschrijving>71.9</meetwaardeomschrijving>
      <eenheidcode>123</eenheidcode>
      <referentiecode>1</referentiecode>
      <opmerking></opmerking>
      <certificering>2</certificering>
      <status>5</status>
     </analyseresultaat>
     <analyseresultaat>
      <componentcode>992</componentcode>
      <meetwaarde>48.2</meetwaarde>
      <meetwaardeomschrijving>48.2</meetwaardeomschrijving>
      <eenheidcode>123</eenheidcode>
      <referentiecode>1</referentiecode>
      <opmerking></opmerking>
      <certificering>2</certificering>
      <status>5</status>
     </analyseresultaat>
     <analyseresultaat>
      <componentcode>996</componentcode>
      <meetwaarde>24.6</meetwaarde>
      <meetwaardeomschrijving>24.6</meetwaardeomschrijving>
      <eenheidcode>123</eenheidcode>
      <referentiecode>1</referentiecode>
      <opmerking></opmerking>
      <certificering>2</certificering>
      <status>5</status>
     </analyseresultaat>
     <analyseresultaat>
      <componentcode>1011</componentcode>
      <meetwaarde>28.1</meetwaarde>
      <meetwaardeomschrijving>28.1</meetwaardeomschrijving>
      <eenheidcode>123</eenheidcode>
      <referentiecode>1</referentiecode>
      <opmerking></opmerking>
      <certificering>2</certificering>
      <status>5</status>
     </analyseresultaat>
     <analyseresultaat>
      <componentcode>1097</componentcode>
      <meetwaarde>0.12</meetwaarde>
      <meetwaardeomschrijving>0.12</meetwaardeomschrijving>
      <eenheidcode>59</eenheidcode>
      <referentiecode>1</referentiecode>
      <opmerking></opmerking>
      <certificering>5</certificering>
      <status>5</status>
     </analyseresultaat>
     <analyseresultaat>
      <componentcode>1116</componentcode>
      <meetwaarde>31</meetwaarde>
      <meetwaardeomschrijving>31</meetwaardeomschrijving>
      <eenheidcode>59</eenheidcode>
      <referentiecode>1</referentiecode>
      <opmerking></opmerking>
      <certificering>5</certificering>
      <status>5</status>
     </analyseresultaat>
     <analyseresultaat>
      <componentcode>1118</componentcode>
      <meetwaarde>10.4</meetwaarde>
      <meetwaardeomschrijving>10.4</meetwaardeomschrijving>
      <eenheidcode>123</eenheidcode>
      <referentiecode>1</referentiecode>
      <opmerking></opmerking>
      <certificering>5</certificering>
      <status>5</status>
     </analyseresultaat>
     <analyseresultaat>
      <componentcode>1207</componentcode>
      <meetwaarde>380</meetwaarde>
      <meetwaardeomschrijving>380</meetwaardeomschrijving>
      <eenheidcode>59</eenheidcode>
      <referentiecode>1</referentiecode>
      <opmerking></opmerking>
      <certificering>5</certificering>
      <status>5</status>
     </analyseresultaat>
     <analyseresultaat>
      <componentcode>1243</componentcode>
      <meetwaarde>2.2</meetwaarde>
      <meetwaardeomschrijving>2.2</meetwaardeomschrijving>
      <eenheidcode>59</eenheidcode>
      <referentiecode>1</referentiecode>
      <opmerking></opmerking>
      <certificering>5</certificering>
      <status>5</status>
     </analyseresultaat>
     <analyseresultaat>
      <componentcode>1259</componentcode>
      <meetwaarde>0.05</meetwaarde>
      <meetwaardeomschrijving>&lt; 0.05</meetwaardeomschrijving>
      <eenheidcode>59</eenheidcode>
      <referentiecode>2</referentiecode>
      <opmerking></opmerking>
      <certificering>5</certificering>
      <status>5</status>
     </analyseresultaat>
     <analyseresultaat>
      <componentcode>1267</componentcode>
      <meetwaarde>24</meetwaarde>
      <meetwaardeomschrijving>24</meetwaardeomschrijving>
      <eenheidcode>59</eenheidcode>
      <referentiecode>1</referentiecode>
      <opmerking></opmerking>
      <certificering>5</certificering>
      <status>5</status>
     </analyseresultaat>
     <analyseresultaat>
      <componentcode>1319</componentcode>
      <meetwaarde>19.1</meetwaarde>
      <meetwaardeomschrijving>19.1</meetwaardeomschrijving>
      <eenheidcode>123</eenheidcode>
      <referentiecode>1</referentiecode>
      <opmerking></opmerking>
      <certificering>5</certificering>
      <status>5</status>
     </analyseresultaat>
     <analyseresultaat>
      <componentcode>1352</componentcode>
      <meetwaarde>0.74</meetwaarde>
      <meetwaardeomschrijving>0.74</meetwaardeomschrijving>
      <eenheidcode>59</eenheidcode>
      <referentiecode>1</referentiecode>
      <opmerking></opmerking>
      <certificering>5</certificering>
      <status>5</status>
     </analyseresultaat>
     <analyseresultaat>
      <componentcode>1372</componentcode>
      <meetwaarde>0.001</meetwaarde>
      <meetwaardeomschrijving>&lt; 0.001</meetwaardeomschrijving>
      <eenheidcode>59</eenheidcode>
      <referentiecode>2</referentiecode>
      <opmerking></opmerking>
      <certificering>5</certificering>
      <status>5</status>
     </analyseresultaat>
     <analyseresultaat>
      <componentcode>1374</componentcode>
      <meetwaarde>0.001</meetwaarde>
      <meetwaardeomschrijving>&lt; 0.001</meetwaardeomschrijving>
      <eenheidcode>59</eenheidcode>
      <referentiecode>2</referentiecode>
      <opmerking></opmerking>
      <certificering>5</certificering>
      <status>5</status>
     </analyseresultaat>
     <analyseresultaat>
      <componentcode>1376</componentcode>
      <meetwaarde>0.001</meetwaarde>
      <meetwaardeomschrijving>&lt; 0.001</meetwaardeomschrijving>
      <eenheidcode>59</eenheidcode>
      <referentiecode>2</referentiecode>
      <opmerking></opmerking>
      <certificering>5</certificering>
      <status>5</status>
     </analyseresultaat>
     <analyseresultaat>
      <componentcode>1377</componentcode>
      <meetwaarde>0.001</meetwaarde>
      <meetwaardeomschrijving>&lt; 0.001</meetwaardeomschrijving>
      <eenheidcode>59</eenheidcode>
      <referentiecode>2</referentiecode>
      <opmerking></opmerking>
      <certificering>5</certificering>
      <status>5</status>
     </analyseresultaat>
     <analyseresultaat>
      <componentcode>1380</componentcode>
      <meetwaarde>0.001</meetwaarde>
      <meetwaardeomschrijving>&lt; 0.001</meetwaardeomschrijving>
      <eenheidcode>59</eenheidcode>
      <referentiecode>2</referentiecode>
      <opmerking></opmerking>
      <certificering>5</certificering>
      <status>5</status>
     </analyseresultaat>
     <analyseresultaat>
      <componentcode>1381</componentcode>
      <meetwaarde>0.001</meetwaarde>
      <meetwaardeomschrijving>&lt; 0.001</meetwaardeomschrijving>
      <eenheidcode>59</eenheidcode>
      <referentiecode>2</referentiecode>
      <opmerking></opmerking>
      <certificering>5</certificering>
      <status>5</status>
     </analyseresultaat>
     <analyseresultaat>
      <componentcode>1382</componentcode>
      <meetwaarde>0.001</meetwaarde>
      <meetwaardeomschrijving>&lt; 0.001</meetwaardeomschrijving>
      <eenheidcode>59</eenheidcode>
      <referentiecode>2</referentiecode>
      <opmerking></opmerking>
      <certificering>5</certificering>
      <status>5</status>
     </analyseresultaat>
     <analyseresultaat>
      <componentcode>1387</componentcode>
      <meetwaarde>0.001</meetwaarde>
      <meetwaardeomschrijving>&lt; 0.001</meetwaardeomschrijving>
      <eenheidcode>59</eenheidcode>
      <referentiecode>2</referentiecode>
      <opmerking></opmerking>
      <certificering>5</certificering>
      <status>5</status>
     </analyseresultaat>
     <analyseresultaat>
      <componentcode>1390</componentcode>
      <meetwaarde>0.003</meetwaarde>
      <meetwaardeomschrijving>&lt;0.003</meetwaardeomschrijving>
      <eenheidcode>59</eenheidcode>
      <referentiecode>2</referentiecode>
      <opmerking></opmerking>
      <certificering>5</certificering>
      <status>5</status>
     </analyseresultaat>
     <analyseresultaat>
      <componentcode>1521</componentcode>
      <meetwaarde>0.001</meetwaarde>
      <meetwaardeomschrijving>&lt; 0.001</meetwaardeomschrijving>
      <eenheidcode>59</eenheidcode>
      <referentiecode>2</referentiecode>
      <opmerking></opmerking>
      <certificering>5</certificering>
      <status>5</status>
     </analyseresultaat>
     <analyseresultaat>
      <componentcode>1580</componentcode>
      <meetwaarde>0.004</meetwaarde>
      <meetwaardeomschrijving>0.004</meetwaardeomschrijving>
      <eenheidcode>59</eenheidcode>
      <referentiecode>1</referentiecode>
      <opmerking></opmerking>
      <certificering>5</certificering>
      <status>5</status>
     </analyseresultaat>
     <analyseresultaat>
      <componentcode>1581</componentcode>
      <meetwaarde>0.001</meetwaarde>
      <meetwaardeomschrijving>&lt; 0.001</meetwaardeomschrijving>
      <eenheidcode>59</eenheidcode>
      <referentiecode>2</referentiecode>
      <opmerking></opmerking>
      <certificering>5</certificering>
      <status>5</status>
     </analyseresultaat>
     <analyseresultaat>
      <componentcode>1693</componentcode>
      <meetwaarde>94</meetwaarde>
      <meetwaardeomschrijving>94</meetwaardeomschrijving>
      <eenheidcode>59</eenheidcode>
      <referentiecode>1</referentiecode>
      <opmerking></opmerking>
      <certificering>5</certificering>
      <status>5</status>
     </analyseresultaat>
     <analyseresultaat>
      <componentcode>2146</componentcode>
      <meetwaarde>0.001</meetwaarde>
      <meetwaardeomschrijving>&lt; 0.001</meetwaardeomschrijving>
      <eenheidcode>59</eenheidcode>
      <referentiecode>2</referentiecode>
      <opmerking></opmerking>
      <certificering>5</certificering>
      <status>5</status>
     </analyseresultaat>
     <analyseresultaat>
      <componentcode>2380</componentcode>
      <meetwaarde>0.005</meetwaarde>
      <meetwaardeomschrijving>0.005</meetwaardeomschrijving>
      <eenheidcode>59</eenheidcode>
      <referentiecode>6</referentiecode>
      <opmerking></opmerking>
      <certificering>5</certificering>
      <status>5</status>
     </analyseresultaat>
     <analyseresultaat>
      <componentcode>2385</componentcode>
      <meetwaarde>0.001</meetwaarde>
      <meetwaardeomschrijving>0.001</meetwaardeomschrijving>
      <eenheidcode>59</eenheidcode>
      <referentiecode>6</referentiecode>
      <opmerking></opmerking>
      <certificering>5</certificering>
      <status>5</status>
     </analyseresultaat>
     <analyseresultaat>
      <componentcode>2386</componentcode>
      <meetwaarde>0.008</meetwaarde>
      <meetwaardeomschrijving>0.008</meetwaardeomschrijving>
      <eenheidcode>59</eenheidcode>
      <referentiecode>1</referentiecode>
      <opmerking></opmerking>
      <certificering>5</certificering>
      <status>5</status>
     </analyseresultaat>
     <analyseresultaat>
      <componentcode>2571</componentcode>
      <meetwaarde>0.023</meetwaarde>
      <meetwaardeomschrijving>0.023</meetwaardeomschrijving>
      <eenheidcode>59</eenheidcode>
      <referentiecode>1</referentiecode>
      <opmerking></opmerking>
      <certificering>1</certificering>
      <status>5</status>
     </analyseresultaat>
     <analyseresultaat>
      <componentcode>2717</componentcode>
      <meetwaarde>0.025</meetwaarde>
      <meetwaardeomschrijving>0.025</meetwaardeomschrijving>
      <eenheidcode>59</eenheidcode>
      <referentiecode>1</referentiecode>
      <opmerking></opmerking>
      <certificering>1</certificering>
      <status>5</status>
     </analyseresultaat>
     <analyseresultaat>
      <componentcode>4188</componentcode>
      <meetwaarde>630</meetwaarde>
      <meetwaardeomschrijving>630</meetwaardeomschrijving>
      <eenheidcode>109</eenheidcode>
      <referentiecode>1</referentiecode>
      <opmerking></opmerking>
      <certificering>2</certificering>
      <status>5</status>
     </analyseresultaat>
    </analyseresultaten>
   </analysemonster>
  </analysemonsters>
 </projectgegevens>
</labresultaat>
