<?xml version="1.0" encoding="UTF-8" ?>
<labresultaat versie="9.0.0" applicatiecode="19" datum="2025-04-14" klantcode="188050" laboratorium="5" taal="dut">
 <projectgegevens>
   <idopdracht>40995</idopdracht>
   <projectcode>IB-2024-0149</projectcode>
   <projectnaam>WABO ALE5</projectnaam>
   <opmerking></opmerking>
   <status>5</status>
   <certificaatnummer>1905124</certificaatnummer>
  <analysemonsters>
   <analysemonster>
    <idanlmons>613159243</idanlmons>
    <anlmons>ALE_PA_MV60_Z</anlmons>
    <monstersoort>18</monstersoort>
    <status>5</status>
    <opmerking></opmerking>
    <analyseresultaten>
     <analyseresultaat>
      <componentcode>111</componentcode>
      <meetwaarde>0.001</meetwaarde>
      <meetwaardeomschrijving>&lt; 0.001</meetwaardeomschrijving>
      <eenheidcode>59</eenheidcode>
      <referentiecode>2</referentiecode>
      <opmerking></opmerking>
      <certificering>5</certificering>
      <status>5</status>
     </analyseresultaat>
     <analyseresultaat>
      <componentcode>112</componentcode>
      <meetwaarde>0.001</meetwaarde>
      <meetwaardeomschrijving>&lt; 0.001</meetwaardeomschrijving>
      <eenheidcode>59</eenheidcode>
      <referentiecode>2</referentiecode>
      <opmerking></opmerking>
      <certificering>5</certificering>
      <status>5</status>
     </analyseresultaat>
     <analyseresultaat>
      <componentcode>113</componentcode>
      <meetwaarde>0.001</meetwaarde>
      <meetwaardeomschrijving>&lt; 0.001</meetwaardeomschrijving>
      <eenheidcode>59</eenheidcode>
      <referentiecode>2</referentiecode>
      <opmerking></opmerking>
      <certificering>5</certificering>
      <status>5</status>
     </analyseresultaat>
     <analyseresultaat>
      <componentcode>215</componentcode>
      <meetwaarde>0.001</meetwaarde>
      <meetwaardeomschrijving>&lt; 0.001</meetwaardeomschrijving>
      <eenheidcode>59</eenheidcode>
      <referentiecode>2</referentiecode>
      <opmerking></opmerking>
      <certificering>5</certificering>
      <status>5</status>
     </analyseresultaat>
     <analyseresultaat>
      <componentcode>216</componentcode>
      <meetwaarde>0.001</meetwaarde>
      <meetwaardeomschrijving>&lt; 0.001</meetwaardeomschrijving>
      <eenheidcode>59</eenheidcode>
      <referentiecode>2</referentiecode>
      <opmerking></opmerking>
      <certificering>5</certificering>
      <status>5</status>
     </analyseresultaat>
     <analyseresultaat>
      <componentcode>217</componentcode>
      <meetwaarde>0.001</meetwaarde>
      <meetwaardeomschrijving>&lt; 0.001</meetwaardeomschrijving>
      <eenheidcode>59</eenheidcode>
      <referentiecode>2</referentiecode>
      <opmerking></opmerking>
      <certificering>5</certificering>
      <status>5</status>
     </analyseresultaat>
     <analyseresultaat>
      <componentcode>268</componentcode>
      <meetwaarde>0.001</meetwaarde>
      <meetwaardeomschrijving>&lt; 0.001</meetwaardeomschrijving>
      <eenheidcode>59</eenheidcode>
      <referentiecode>2</referentiecode>
      <opmerking></opmerking>
      <certificering>5</certificering>
      <status>5</status>
     </analyseresultaat>
     <analyseresultaat>
      <componentcode>269</componentcode>
      <meetwaarde>0.001</meetwaarde>
      <meetwaardeomschrijving>&lt; 0.001</meetwaardeomschrijving>
      <eenheidcode>59</eenheidcode>
      <referentiecode>2</referentiecode>
      <opmerking></opmerking>
      <certificering>5</certificering>
      <status>5</status>
     </analyseresultaat>
     <analyseresultaat>
      <componentcode>271</componentcode>
      <meetwaarde>0.001</meetwaarde>
      <meetwaardeomschrijving>&lt; 0.001</meetwaardeomschrijving>
      <eenheidcode>59</eenheidcode>
      <referentiecode>2</referentiecode>
      <opmerking></opmerking>
      <certificering>5</certificering>
      <status>5</status>
     </analyseresultaat>
     <analyseresultaat>
      <componentcode>272</componentcode>
      <meetwaarde>0.001</meetwaarde>
      <meetwaardeomschrijving>&lt; 0.001</meetwaardeomschrijving>
      <eenheidcode>59</eenheidcode>
      <referentiecode>2</referentiecode>
      <opmerking></opmerking>
      <certificering>5</certificering>
      <status>5</status>
     </analyseresultaat>
     <analyseresultaat>
      <componentcode>299</componentcode>
      <meetwaarde>0.05</meetwaarde>
      <meetwaardeomschrijving>&lt; 0.05</meetwaardeomschrijving>
      <eenheidcode>59</eenheidcode>
      <referentiecode>2</referentiecode>
      <opmerking></opmerking>
      <certificering>5</certificering>
      <status>5</status>
     </analyseresultaat>
     <analyseresultaat>
      <componentcode>310</componentcode>
      <meetwaarde>4.0</meetwaarde>
      <meetwaardeomschrijving>&lt;4.0</meetwaardeomschrijving>
      <eenheidcode>59</eenheidcode>
      <referentiecode>2</referentiecode>
      <opmerking></opmerking>
      <certificering>5</certificering>
      <status>5</status>
     </analyseresultaat>
     <analyseresultaat>
      <componentcode>333</componentcode>
      <meetwaarde>20</meetwaarde>
      <meetwaardeomschrijving>&lt;20</meetwaardeomschrijving>
      <eenheidcode>59</eenheidcode>
      <referentiecode>2</referentiecode>
      <opmerking></opmerking>
      <certificering>5</certificering>
      <status>5</status>
     </analyseresultaat>
     <analyseresultaat>
      <componentcode>345</componentcode>
      <meetwaarde>0.05</meetwaarde>
      <meetwaardeomschrijving>&lt; 0.05</meetwaardeomschrijving>
      <eenheidcode>59</eenheidcode>
      <referentiecode>2</referentiecode>
      <opmerking></opmerking>
      <certificering>5</certificering>
      <status>5</status>
     </analyseresultaat>
     <analyseresultaat>
      <componentcode>346</componentcode>
      <meetwaarde>0.05</meetwaarde>
      <meetwaardeomschrijving>&lt; 0.05</meetwaardeomschrijving>
      <eenheidcode>59</eenheidcode>
      <referentiecode>2</referentiecode>
      <opmerking></opmerking>
      <certificering>5</certificering>
      <status>5</status>
     </analyseresultaat>
     <analyseresultaat>
      <componentcode>351</componentcode>
      <meetwaarde>0.05</meetwaarde>
      <meetwaardeomschrijving>&lt; 0.05</meetwaardeomschrijving>
      <eenheidcode>59</eenheidcode>
      <referentiecode>2</referentiecode>
      <opmerking></opmerking>
      <certificering>5</certificering>
      <status>5</status>
     </analyseresultaat>
     <analyseresultaat>
      <componentcode>353</componentcode>
      <meetwaarde>0.05</meetwaarde>
      <meetwaardeomschrijving>&lt; 0.05</meetwaardeomschrijving>
      <eenheidcode>59</eenheidcode>
      <referentiecode>2</referentiecode>
      <opmerking></opmerking>
      <certificering>5</certificering>
      <status>5</status>
     </analyseresultaat>
     <analyseresultaat>
      <componentcode>366</componentcode>
      <meetwaarde>0.001</meetwaarde>
      <meetwaardeomschrijving>&lt; 0.001</meetwaardeomschrijving>
      <eenheidcode>59</eenheidcode>
      <referentiecode>2</referentiecode>
      <opmerking></opmerking>
      <certificering>5</certificering>
      <status>5</status>
     </analyseresultaat>
     <analyseresultaat>
      <componentcode>441</componentcode>
      <meetwaarde>0.20</meetwaarde>
      <meetwaardeomschrijving>&lt;0.20</meetwaardeomschrijving>
      <eenheidcode>59</eenheidcode>
      <referentiecode>2</referentiecode>
      <opmerking></opmerking>
      <certificering>5</certificering>
      <status>5</status>
     </analyseresultaat>
     <analyseresultaat>
      <componentcode>517</componentcode>
      <meetwaarde>10</meetwaarde>
      <meetwaardeomschrijving>&lt;10</meetwaardeomschrijving>
      <eenheidcode>59</eenheidcode>
      <referentiecode>2</referentiecode>
      <opmerking></opmerking>
      <certificering>5</certificering>
      <status>5</status>
     </analyseresultaat>
     <analyseresultaat>
      <componentcode>518</componentcode>
      <meetwaarde>0.05</meetwaarde>
      <meetwaardeomschrijving>&lt; 0.05</meetwaardeomschrijving>
      <eenheidcode>59</eenheidcode>
      <referentiecode>2</referentiecode>
      <opmerking></opmerking>
      <certificering>5</certificering>
      <status>5</status>
     </analyseresultaat>
     <analyseresultaat>
      <componentcode>522</componentcode>
      <meetwaarde>0.001</meetwaarde>
      <meetwaardeomschrijving>&lt; 0.001</meetwaardeomschrijving>
      <eenheidcode>59</eenheidcode>
      <referentiecode>2</referentiecode>
      <opmerking></opmerking>
      <certificering>5</certificering>
      <status>5</status>
     </analyseresultaat>
     <analyseresultaat>
      <componentcode>527</componentcode>
      <meetwaarde>3.0</meetwaarde>
      <meetwaardeomschrijving>&lt;3.0</meetwaardeomschrijving>
      <eenheidcode>59</eenheidcode>
      <referentiecode>2</referentiecode>
      <opmerking></opmerking>
      <certificering>5</certificering>
      <status>5</status>
     </analyseresultaat>
     <analyseresultaat>
      <componentcode>552</componentcode>
      <meetwaarde>0.001</meetwaarde>
      <meetwaardeomschrijving>0.001</meetwaardeomschrijving>
      <eenheidcode>59</eenheidcode>
      <referentiecode>6</referentiecode>
      <opmerking></opmerking>
      <certificering>5</certificering>
      <status>5</status>
     </analyseresultaat>
     <analyseresultaat>
      <componentcode>553</componentcode>
      <meetwaarde>0.001</meetwaarde>
      <meetwaardeomschrijving>0.001</meetwaardeomschrijving>
      <eenheidcode>59</eenheidcode>
      <referentiecode>6</referentiecode>
      <opmerking></opmerking>
      <certificering>5</certificering>
      <status>5</status>
     </analyseresultaat>
     <analyseresultaat>
      <componentcode>554</componentcode>
      <meetwaarde>0.001</meetwaarde>
      <meetwaardeomschrijving>0.001</meetwaardeomschrijving>
      <eenheidcode>59</eenheidcode>
      <referentiecode>6</referentiecode>
      <opmerking></opmerking>
      <certificering>5</certificering>
      <status>5</status>
     </analyseresultaat>
     <analyseresultaat>
      <componentcode>555</componentcode>
      <meetwaarde>0.004</meetwaarde>
      <meetwaardeomschrijving>0.004</meetwaardeomschrijving>
      <eenheidcode>59</eenheidcode>
      <referentiecode>6</referentiecode>
      <opmerking></opmerking>
      <certificering>5</certificering>
      <status>5</status>
     </analyseresultaat>
     <analyseresultaat>
      <componentcode>562</componentcode>
      <meetwaarde>0.001</meetwaarde>
      <meetwaardeomschrijving>&lt; 0.001</meetwaardeomschrijving>
      <eenheidcode>59</eenheidcode>
      <referentiecode>2</referentiecode>
      <opmerking></opmerking>
      <certificering>5</certificering>
      <status>5</status>
     </analyseresultaat>
     <analyseresultaat>
      <componentcode>633</componentcode>
      <meetwaarde>0.001</meetwaarde>
      <meetwaardeomschrijving>&lt; 0.001</meetwaardeomschrijving>
      <eenheidcode>59</eenheidcode>
      <referentiecode>2</referentiecode>
      <opmerking></opmerking>
      <certificering>5</certificering>
      <status>5</status>
     </analyseresultaat>
     <analyseresultaat>
      <componentcode>689</componentcode>
      <meetwaarde>0.002</meetwaarde>
      <meetwaardeomschrijving>0.002</meetwaardeomschrijving>
      <eenheidcode>59</eenheidcode>
      <referentiecode>6</referentiecode>
      <opmerking></opmerking>
      <certificering>5</certificering>
      <status>5</status>
     </analyseresultaat>
     <analyseresultaat>
      <componentcode>692</componentcode>
      <meetwaarde>72.4</meetwaarde>
      <meetwaardeomschrijving>72.4</meetwaardeomschrijving>
      <eenheidcode>3</eenheidcode>
      <referentiecode>1</referentiecode>
      <opmerking></opmerking>
      <certificering>5</certificering>
      <status>5</status>
     </analyseresultaat>
     <analyseresultaat>
      <componentcode>703</componentcode>
      <meetwaarde>0.002</meetwaarde>
      <meetwaardeomschrijving>&lt; 0.002</meetwaardeomschrijving>
      <eenheidcode>59</eenheidcode>
      <referentiecode>2</referentiecode>
      <opmerking></opmerking>
      <certificering>5</certificering>
      <status>5</status>
     </analyseresultaat>
     <analyseresultaat>
      <componentcode>704</componentcode>
      <meetwaarde>0.001</meetwaarde>
      <meetwaardeomschrijving>&lt; 0.001</meetwaardeomschrijving>
      <eenheidcode>59</eenheidcode>
      <referentiecode>2</referentiecode>
      <opmerking></opmerking>
      <certificering>5</certificering>
      <status>5</status>
     </analyseresultaat>
     <analyseresultaat>
      <componentcode>746</componentcode>
      <meetwaarde>0.05</meetwaarde>
      <meetwaardeomschrijving>&lt; 0.05</meetwaardeomschrijving>
      <eenheidcode>59</eenheidcode>
      <referentiecode>2</referentiecode>
      <opmerking></opmerking>
      <certificering>5</certificering>
      <status>5</status>
     </analyseresultaat>
     <analyseresultaat>
      <componentcode>775</componentcode>
      <meetwaarde>0.05</meetwaarde>
      <meetwaardeomschrijving>&lt; 0.05</meetwaardeomschrijving>
      <eenheidcode>59</eenheidcode>
      <referentiecode>2</referentiecode>
      <opmerking></opmerking>
      <certificering>5</certificering>
      <status>5</status>
     </analyseresultaat>
     <analyseresultaat>
      <componentcode>816</componentcode>
      <meetwaarde>0.001</meetwaarde>
      <meetwaardeomschrijving>&lt; 0.001</meetwaardeomschrijving>
      <eenheidcode>59</eenheidcode>
      <referentiecode>2</referentiecode>
      <opmerking></opmerking>
      <certificering>5</certificering>
      <status>5</status>
     </analyseresultaat>
     <analyseresultaat>
      <componentcode>831</componentcode>
      <meetwaarde>97.1</meetwaarde>
      <meetwaardeomschrijving>97.1</meetwaardeomschrijving>
      <eenheidcode>123</eenheidcode>
      <referentiecode>1</referentiecode>
      <opmerking></opmerking>
      <certificering>2</certificering>
      <status>5</status>
     </analyseresultaat>
     <analyseresultaat>
      <componentcode>835</componentcode>
      <meetwaarde>2.9</meetwaarde>
      <meetwaardeomschrijving>2.9</meetwaardeomschrijving>
      <eenheidcode>123</eenheidcode>
      <referentiecode>1</referentiecode>
      <opmerking></opmerking>
      <certificering>2</certificering>
      <status>5</status>
     </analyseresultaat>
     <analyseresultaat>
      <componentcode>849</componentcode>
      <meetwaarde>0.003</meetwaarde>
      <meetwaardeomschrijving>0.003</meetwaardeomschrijving>
      <eenheidcode>59</eenheidcode>
      <referentiecode>6</referentiecode>
      <opmerking></opmerking>
      <certificering>5</certificering>
      <status>5</status>
     </analyseresultaat>
     <analyseresultaat>
      <componentcode>853</componentcode>
      <meetwaarde>0.001</meetwaarde>
      <meetwaardeomschrijving>&lt; 0.001</meetwaardeomschrijving>
      <eenheidcode>59</eenheidcode>
      <referentiecode>2</referentiecode>
      <opmerking></opmerking>
      <certificering>5</certificering>
      <status>5</status>
     </analyseresultaat>
     <analyseresultaat>
      <componentcode>861</componentcode>
      <meetwaarde>0.001</meetwaarde>
      <meetwaardeomschrijving>&lt; 0.001</meetwaardeomschrijving>
      <eenheidcode>59</eenheidcode>
      <referentiecode>2</referentiecode>
      <opmerking></opmerking>
      <certificering>5</certificering>
      <status>5</status>
     </analyseresultaat>
     <analyseresultaat>
      <componentcode>879</componentcode>
      <meetwaarde>4500</meetwaarde>
      <meetwaardeomschrijving>4500</meetwaardeomschrijving>
      <eenheidcode>59</eenheidcode>
      <referentiecode>1</referentiecode>
      <opmerking></opmerking>
      <certificering>2</certificering>
      <status>5</status>
     </analyseresultaat>
     <analyseresultaat>
      <componentcode>882</componentcode>
      <meetwaarde>0.05</meetwaarde>
      <meetwaardeomschrijving>&lt; 0.05</meetwaardeomschrijving>
      <eenheidcode>59</eenheidcode>
      <referentiecode>2</referentiecode>
      <opmerking></opmerking>
      <certificering>5</certificering>
      <status>5</status>
     </analyseresultaat>
     <analyseresultaat>
      <componentcode>907</componentcode>
      <meetwaarde>0.001</meetwaarde>
      <meetwaardeomschrijving>&lt; 0.001</meetwaardeomschrijving>
      <eenheidcode>59</eenheidcode>
      <referentiecode>2</referentiecode>
      <opmerking></opmerking>
      <certificering>5</certificering>
      <status>5</status>
     </analyseresultaat>
     <analyseresultaat>
      <componentcode>971</componentcode>
      <meetwaarde>5.0</meetwaarde>
      <meetwaardeomschrijving>&lt;5.0</meetwaardeomschrijving>
      <eenheidcode>59</eenheidcode>
      <referentiecode>2</referentiecode>
      <opmerking></opmerking>
      <certificering>5</certificering>
      <status>5</status>
     </analyseresultaat>
     <analyseresultaat>
      <componentcode>980</componentcode>
      <meetwaarde>1</meetwaarde>
      <meetwaardeomschrijving>&lt; 1</meetwaardeomschrijving>
      <eenheidcode>123</eenheidcode>
      <referentiecode>2</referentiecode>
      <opmerking></opmerking>
      <certificering>1</certificering>
      <status>5</status>
     </analyseresultaat>
     <analyseresultaat>
      <componentcode>984</componentcode>
      <meetwaarde>93.0</meetwaarde>
      <meetwaardeomschrijving>93.0</meetwaardeomschrijving>
      <eenheidcode>123</eenheidcode>
      <referentiecode>1</referentiecode>
      <opmerking></opmerking>
      <certificering>2</certificering>
      <status>5</status>
     </analyseresultaat>
     <analyseresultaat>
      <componentcode>992</componentcode>
      <meetwaarde>60.2</meetwaarde>
      <meetwaardeomschrijving>60.2</meetwaardeomschrijving>
      <eenheidcode>123</eenheidcode>
      <referentiecode>1</referentiecode>
      <opmerking></opmerking>
      <certificering>2</certificering>
      <status>5</status>
     </analyseresultaat>
     <analyseresultaat>
      <componentcode>996</componentcode>
      <meetwaarde>5.2</meetwaarde>
      <meetwaardeomschrijving>5.2</meetwaardeomschrijving>
      <eenheidcode>123</eenheidcode>
      <referentiecode>1</referentiecode>
      <opmerking></opmerking>
      <certificering>2</certificering>
      <status>5</status>
     </analyseresultaat>
     <analyseresultaat>
      <componentcode>1011</componentcode>
      <meetwaarde>5.2</meetwaarde>
      <meetwaardeomschrijving>5.2</meetwaardeomschrijving>
      <eenheidcode>123</eenheidcode>
      <referentiecode>1</referentiecode>
      <opmerking></opmerking>
      <certificering>2</certificering>
      <status>5</status>
     </analyseresultaat>
     <analyseresultaat>
      <componentcode>1097</componentcode>
      <meetwaarde>0.05</meetwaarde>
      <meetwaardeomschrijving>&lt;0.05</meetwaardeomschrijving>
      <eenheidcode>59</eenheidcode>
      <referentiecode>2</referentiecode>
      <opmerking></opmerking>
      <certificering>5</certificering>
      <status>5</status>
     </analyseresultaat>
     <analyseresultaat>
      <componentcode>1116</componentcode>
      <meetwaarde>10</meetwaarde>
      <meetwaardeomschrijving>&lt;10</meetwaardeomschrijving>
      <eenheidcode>59</eenheidcode>
      <referentiecode>2</referentiecode>
      <opmerking></opmerking>
      <certificering>5</certificering>
      <status>5</status>
     </analyseresultaat>
     <analyseresultaat>
      <componentcode>1118</componentcode>
      <meetwaarde>1</meetwaarde>
      <meetwaardeomschrijving>&lt; 1</meetwaardeomschrijving>
      <eenheidcode>123</eenheidcode>
      <referentiecode>2</referentiecode>
      <opmerking></opmerking>
      <certificering>5</certificering>
      <status>5</status>
     </analyseresultaat>
     <analyseresultaat>
      <componentcode>1207</componentcode>
      <meetwaarde>35</meetwaarde>
      <meetwaardeomschrijving>&lt;35</meetwaardeomschrijving>
      <eenheidcode>59</eenheidcode>
      <referentiecode>2</referentiecode>
      <opmerking></opmerking>
      <certificering>5</certificering>
      <status>5</status>
     </analyseresultaat>
     <analyseresultaat>
      <componentcode>1243</componentcode>
      <meetwaarde>1.5</meetwaarde>
      <meetwaardeomschrijving>&lt;1.5</meetwaardeomschrijving>
      <eenheidcode>59</eenheidcode>
      <referentiecode>2</referentiecode>
      <opmerking></opmerking>
      <certificering>5</certificering>
      <status>5</status>
     </analyseresultaat>
     <analyseresultaat>
      <componentcode>1259</componentcode>
      <meetwaarde>0.05</meetwaarde>
      <meetwaardeomschrijving>&lt; 0.05</meetwaardeomschrijving>
      <eenheidcode>59</eenheidcode>
      <referentiecode>2</referentiecode>
      <opmerking></opmerking>
      <certificering>5</certificering>
      <status>5</status>
     </analyseresultaat>
     <analyseresultaat>
      <componentcode>1267</componentcode>
      <meetwaarde>7</meetwaarde>
      <meetwaardeomschrijving>7</meetwaardeomschrijving>
      <eenheidcode>59</eenheidcode>
      <referentiecode>1</referentiecode>
      <opmerking></opmerking>
      <certificering>5</certificering>
      <status>5</status>
     </analyseresultaat>
     <analyseresultaat>
      <componentcode>1319</componentcode>
      <meetwaarde>2.9</meetwaarde>
      <meetwaardeomschrijving>2.9</meetwaardeomschrijving>
      <eenheidcode>123</eenheidcode>
      <referentiecode>1</referentiecode>
      <opmerking></opmerking>
      <certificering>5</certificering>
      <status>5</status>
     </analyseresultaat>
     <analyseresultaat>
      <componentcode>1352</componentcode>
      <meetwaarde>0.35</meetwaarde>
      <meetwaardeomschrijving>0.35</meetwaardeomschrijving>
      <eenheidcode>59</eenheidcode>
      <referentiecode>6</referentiecode>
      <opmerking></opmerking>
      <certificering>5</certificering>
      <status>5</status>
     </analyseresultaat>
     <analyseresultaat>
      <componentcode>1372</componentcode>
      <meetwaarde>0.001</meetwaarde>
      <meetwaardeomschrijving>&lt; 0.001</meetwaardeomschrijving>
      <eenheidcode>59</eenheidcode>
      <referentiecode>2</referentiecode>
      <opmerking></opmerking>
      <certificering>5</certificering>
      <status>5</status>
     </analyseresultaat>
     <analyseresultaat>
      <componentcode>1374</componentcode>
      <meetwaarde>0.001</meetwaarde>
      <meetwaardeomschrijving>&lt; 0.001</meetwaardeomschrijving>
      <eenheidcode>59</eenheidcode>
      <referentiecode>2</referentiecode>
      <opmerking></opmerking>
      <certificering>5</certificering>
      <status>5</status>
     </analyseresultaat>
     <analyseresultaat>
      <componentcode>1376</componentcode>
      <meetwaarde>0.001</meetwaarde>
      <meetwaardeomschrijving>&lt; 0.001</meetwaardeomschrijving>
      <eenheidcode>59</eenheidcode>
      <referentiecode>2</referentiecode>
      <opmerking></opmerking>
      <certificering>5</certificering>
      <status>5</status>
     </analyseresultaat>
     <analyseresultaat>
      <componentcode>1377</componentcode>
      <meetwaarde>0.001</meetwaarde>
      <meetwaardeomschrijving>&lt; 0.001</meetwaardeomschrijving>
      <eenheidcode>59</eenheidcode>
      <referentiecode>2</referentiecode>
      <opmerking></opmerking>
      <certificering>5</certificering>
      <status>5</status>
     </analyseresultaat>
     <analyseresultaat>
      <componentcode>1380</componentcode>
      <meetwaarde>0.001</meetwaarde>
      <meetwaardeomschrijving>&lt; 0.001</meetwaardeomschrijving>
      <eenheidcode>59</eenheidcode>
      <referentiecode>2</referentiecode>
      <opmerking></opmerking>
      <certificering>5</certificering>
      <status>5</status>
     </analyseresultaat>
     <analyseresultaat>
      <componentcode>1381</componentcode>
      <meetwaarde>0.001</meetwaarde>
      <meetwaardeomschrijving>&lt; 0.001</meetwaardeomschrijving>
      <eenheidcode>59</eenheidcode>
      <referentiecode>2</referentiecode>
      <opmerking></opmerking>
      <certificering>5</certificering>
      <status>5</status>
     </analyseresultaat>
     <analyseresultaat>
      <componentcode>1382</componentcode>
      <meetwaarde>0.001</meetwaarde>
      <meetwaardeomschrijving>&lt; 0.001</meetwaardeomschrijving>
      <eenheidcode>59</eenheidcode>
      <referentiecode>2</referentiecode>
      <opmerking></opmerking>
      <certificering>5</certificering>
      <status>5</status>
     </analyseresultaat>
     <analyseresultaat>
      <componentcode>1387</componentcode>
      <meetwaarde>0.001</meetwaarde>
      <meetwaardeomschrijving>&lt; 0.001</meetwaardeomschrijving>
      <eenheidcode>59</eenheidcode>
      <referentiecode>2</referentiecode>
      <opmerking></opmerking>
      <certificering>5</certificering>
      <status>5</status>
     </analyseresultaat>
     <analyseresultaat>
      <componentcode>1390</componentcode>
      <meetwaarde>0.003</meetwaarde>
      <meetwaardeomschrijving>&lt; 0.003</meetwaardeomschrijving>
      <eenheidcode>59</eenheidcode>
      <referentiecode>2</referentiecode>
      <opmerking></opmerking>
      <certificering>5</certificering>
      <status>5</status>
     </analyseresultaat>
     <analyseresultaat>
      <componentcode>1521</componentcode>
      <meetwaarde>0.001</meetwaarde>
      <meetwaardeomschrijving>&lt; 0.001</meetwaardeomschrijving>
      <eenheidcode>59</eenheidcode>
      <referentiecode>2</referentiecode>
      <opmerking></opmerking>
      <certificering>5</certificering>
      <status>5</status>
     </analyseresultaat>
     <analyseresultaat>
      <componentcode>1580</componentcode>
      <meetwaarde>0.001</meetwaarde>
      <meetwaardeomschrijving>&lt; 0.001</meetwaardeomschrijving>
      <eenheidcode>59</eenheidcode>
      <referentiecode>2</referentiecode>
      <opmerking></opmerking>
      <certificering>5</certificering>
      <status>5</status>
     </analyseresultaat>
     <analyseresultaat>
      <componentcode>1581</componentcode>
      <meetwaarde>0.001</meetwaarde>
      <meetwaardeomschrijving>&lt; 0.001</meetwaardeomschrijving>
      <eenheidcode>59</eenheidcode>
      <referentiecode>2</referentiecode>
      <opmerking></opmerking>
      <certificering>5</certificering>
      <status>5</status>
     </analyseresultaat>
     <analyseresultaat>
      <componentcode>1693</componentcode>
      <meetwaarde>20</meetwaarde>
      <meetwaardeomschrijving>&lt;20</meetwaardeomschrijving>
      <eenheidcode>59</eenheidcode>
      <referentiecode>2</referentiecode>
      <opmerking></opmerking>
      <certificering>5</certificering>
      <status>5</status>
     </analyseresultaat>
     <analyseresultaat>
      <componentcode>2146</componentcode>
      <meetwaarde>0.001</meetwaarde>
      <meetwaardeomschrijving>&lt; 0.001</meetwaardeomschrijving>
      <eenheidcode>59</eenheidcode>
      <referentiecode>2</referentiecode>
      <opmerking></opmerking>
      <certificering>5</certificering>
      <status>5</status>
     </analyseresultaat>
     <analyseresultaat>
      <componentcode>2359</componentcode>
      <meetwaardeomschrijving>n.v.t.</meetwaardeomschrijving>
      <eenheidcode>119</eenheidcode>
      <referentiecode>1</referentiecode>
      <opmerking></opmerking>
      <certificering>5</certificering>
      <status>5</status>
     </analyseresultaat>
     <analyseresultaat>
      <componentcode>2360</componentcode>
      <meetwaardeomschrijving>n.v.t.</meetwaardeomschrijving>
      <eenheidcode>27</eenheidcode>
      <referentiecode>1</referentiecode>
      <opmerking></opmerking>
      <certificering>5</certificering>
      <status>5</status>
     </analyseresultaat>
     <analyseresultaat>
      <componentcode>2380</componentcode>
      <meetwaarde>0.005</meetwaarde>
      <meetwaardeomschrijving>0.005</meetwaardeomschrijving>
      <eenheidcode>59</eenheidcode>
      <referentiecode>6</referentiecode>
      <opmerking></opmerking>
      <certificering>5</certificering>
      <status>5</status>
     </analyseresultaat>
     <analyseresultaat>
      <componentcode>2385</componentcode>
      <meetwaarde>0.001</meetwaarde>
      <meetwaardeomschrijving>0.001</meetwaardeomschrijving>
      <eenheidcode>59</eenheidcode>
      <referentiecode>6</referentiecode>
      <opmerking></opmerking>
      <certificering>5</certificering>
      <status>5</status>
     </analyseresultaat>
     <analyseresultaat>
      <componentcode>2386</componentcode>
      <meetwaarde>0.001</meetwaarde>
      <meetwaardeomschrijving>0.001</meetwaardeomschrijving>
      <eenheidcode>59</eenheidcode>
      <referentiecode>6</referentiecode>
      <opmerking></opmerking>
      <certificering>5</certificering>
      <status>5</status>
     </analyseresultaat>
     <analyseresultaat>
      <componentcode>2571</componentcode>
      <meetwaarde>0.015</meetwaarde>
      <meetwaardeomschrijving>0.015</meetwaardeomschrijving>
      <eenheidcode>59</eenheidcode>
      <referentiecode>6</referentiecode>
      <opmerking></opmerking>
      <certificering>1</certificering>
      <status>5</status>
     </analyseresultaat>
     <analyseresultaat>
      <componentcode>2717</componentcode>
      <meetwaarde>0.017</meetwaarde>
      <meetwaardeomschrijving>0.017</meetwaardeomschrijving>
      <eenheidcode>59</eenheidcode>
      <referentiecode>6</referentiecode>
      <opmerking></opmerking>
      <certificering>1</certificering>
      <status>5</status>
     </analyseresultaat>
     <analyseresultaat>
      <componentcode>4188</componentcode>
      <meetwaarde>170</meetwaarde>
      <meetwaardeomschrijving>170</meetwaardeomschrijving>
      <eenheidcode>109</eenheidcode>
      <referentiecode>1</referentiecode>
      <opmerking></opmerking>
      <certificering>2</certificering>
      <status>5</status>
     </analyseresultaat>
    </analyseresultaten>
   </analysemonster>
  </analysemonsters>
 </projectgegevens>
</labresultaat>
