<?xml version="1.0" encoding="UTF-8" ?>
<labresultaat versie="9.0.0" applicatiecode="19" datum="2025-04-17" klantcode="188050" laboratorium="5" taal="dut">
 <projectgegevens>
   <idopdracht>41016</idopdracht>
   <projectcode>IB-2024-0149</projectcode>
   <projectnaam>WABO ALE5</projectnaam>
   <opmerking></opmerking>
   <status>5</status>
   <certificaatnummer>1907355</certificaatnummer>
  <analysemonsters>
   <analysemonster>
    <idanlmons>613159330</idanlmons>
    <anlmons>ALE5_OW_MV45_S</anlmons>
    <monstersoort>11</monstersoort>
    <status>5</status>
    <opmerking></opmerking>
    <analyseresultaten>
     <analyseresultaat>
      <componentcode>443</componentcode>
      <meetwaarde>5.4</meetwaarde>
      <meetwaardeomschrijving>5.4</meetwaardeomschrijving>
      <eenheidcode>123</eenheidcode>
      <referentiecode>1</referentiecode>
      <opmerking></opmerking>
      <certificering>2</certificering>
      <status>5</status>
     </analyseresultaat>
     <analyseresultaat>
      <componentcode>464</componentcode>
      <meetwaarde>54</meetwaarde>
      <meetwaardeomschrijving>54</meetwaardeomschrijving>
      <eenheidcode>31</eenheidcode>
      <referentiecode>1</referentiecode>
      <opmerking></opmerking>
      <certificering>2</certificering>
      <status>5</status>
     </analyseresultaat>
     <analyseresultaat>
      <componentcode>692</componentcode>
      <meetwaarde>57.4</meetwaarde>
      <meetwaardeomschrijving>57.4</meetwaardeomschrijving>
      <eenheidcode>1</eenheidcode>
      <referentiecode>1</referentiecode>
      <opmerking></opmerking>
      <certificering>2</certificering>
      <status>5</status>
     </analyseresultaat>
     <analyseresultaat>
      <componentcode>975</componentcode>
      <meetwaarde>99.5</meetwaarde>
      <meetwaardeomschrijving>99.5</meetwaardeomschrijving>
      <eenheidcode>6</eenheidcode>
      <referentiecode>1</referentiecode>
      <opmerking></opmerking>
      <certificering>2</certificering>
      <status>5</status>
     </analyseresultaat>
     <analyseresultaat>
      <componentcode>978</componentcode>
      <meetwaarde>26.9</meetwaarde>
      <meetwaardeomschrijving>26.9</meetwaardeomschrijving>
      <eenheidcode>6</eenheidcode>
      <referentiecode>1</referentiecode>
      <opmerking></opmerking>
      <certificering>2</certificering>
      <status>5</status>
     </analyseresultaat>
     <analyseresultaat>
      <componentcode>980</componentcode>
      <meetwaarde>3.2</meetwaarde>
      <meetwaardeomschrijving>3.2</meetwaardeomschrijving>
      <eenheidcode>6</eenheidcode>
      <referentiecode>1</referentiecode>
      <opmerking></opmerking>
      <certificering>2</certificering>
      <status>5</status>
     </analyseresultaat>
     <analyseresultaat>
      <componentcode>983</componentcode>
      <meetwaarde>1.1</meetwaarde>
      <meetwaardeomschrijving>1.1</meetwaardeomschrijving>
      <eenheidcode>6</eenheidcode>
      <referentiecode>1</referentiecode>
      <opmerking></opmerking>
      <certificering>2</certificering>
      <status>5</status>
     </analyseresultaat>
     <analyseresultaat>
      <componentcode>992</componentcode>
      <meetwaarde>65.7</meetwaarde>
      <meetwaardeomschrijving>65.7</meetwaardeomschrijving>
      <eenheidcode>6</eenheidcode>
      <referentiecode>1</referentiecode>
      <opmerking></opmerking>
      <certificering>2</certificering>
      <status>5</status>
     </analyseresultaat>
     <analyseresultaat>
      <componentcode>996</componentcode>
      <meetwaarde>4.4</meetwaarde>
      <meetwaardeomschrijving>4.4</meetwaardeomschrijving>
      <eenheidcode>6</eenheidcode>
      <referentiecode>1</referentiecode>
      <opmerking></opmerking>
      <certificering>2</certificering>
      <status>5</status>
     </analyseresultaat>
     <analyseresultaat>
      <componentcode>1006</componentcode>
      <meetwaarde>5.6</meetwaarde>
      <meetwaardeomschrijving>5.6</meetwaardeomschrijving>
      <eenheidcode>6</eenheidcode>
      <referentiecode>1</referentiecode>
      <opmerking></opmerking>
      <certificering>2</certificering>
      <status>5</status>
     </analyseresultaat>
     <analyseresultaat>
      <componentcode>1007</componentcode>
      <meetwaarde>95.3</meetwaarde>
      <meetwaardeomschrijving>95.3</meetwaardeomschrijving>
      <eenheidcode>6</eenheidcode>
      <referentiecode>1</referentiecode>
      <opmerking></opmerking>
      <certificering>2</certificering>
      <status>5</status>
     </analyseresultaat>
     <analyseresultaat>
      <componentcode>1011</componentcode>
      <meetwaarde>9.5</meetwaarde>
      <meetwaardeomschrijving>9.5</meetwaardeomschrijving>
      <eenheidcode>6</eenheidcode>
      <referentiecode>1</referentiecode>
      <opmerking></opmerking>
      <certificering>2</certificering>
      <status>5</status>
     </analyseresultaat>
    </analyseresultaten>
   </analysemonster>
   <analysemonster>
    <idanlmons>613159332</idanlmons>
    <anlmons>ALE5_OW_MV80_S</anlmons>
    <monstersoort>11</monstersoort>
    <status>5</status>
    <opmerking></opmerking>
    <analyseresultaten>
     <analyseresultaat>
      <componentcode>443</componentcode>
      <meetwaarde>7.2</meetwaarde>
      <meetwaardeomschrijving>7.2</meetwaardeomschrijving>
      <eenheidcode>123</eenheidcode>
      <referentiecode>1</referentiecode>
      <opmerking></opmerking>
      <certificering>2</certificering>
      <status>5</status>
     </analyseresultaat>
     <analyseresultaat>
      <componentcode>464</componentcode>
      <meetwaarde>72</meetwaarde>
      <meetwaardeomschrijving>72</meetwaardeomschrijving>
      <eenheidcode>31</eenheidcode>
      <referentiecode>1</referentiecode>
      <opmerking></opmerking>
      <certificering>2</certificering>
      <status>5</status>
     </analyseresultaat>
     <analyseresultaat>
      <componentcode>692</componentcode>
      <meetwaarde>61.1</meetwaarde>
      <meetwaardeomschrijving>61.1</meetwaardeomschrijving>
      <eenheidcode>1</eenheidcode>
      <referentiecode>1</referentiecode>
      <opmerking></opmerking>
      <certificering>2</certificering>
      <status>5</status>
     </analyseresultaat>
     <analyseresultaat>
      <componentcode>975</componentcode>
      <meetwaarde>98.0</meetwaarde>
      <meetwaardeomschrijving>98.0</meetwaardeomschrijving>
      <eenheidcode>6</eenheidcode>
      <referentiecode>1</referentiecode>
      <opmerking></opmerking>
      <certificering>2</certificering>
      <status>5</status>
     </analyseresultaat>
     <analyseresultaat>
      <componentcode>978</componentcode>
      <meetwaarde>42.6</meetwaarde>
      <meetwaardeomschrijving>42.6</meetwaardeomschrijving>
      <eenheidcode>6</eenheidcode>
      <referentiecode>1</referentiecode>
      <opmerking></opmerking>
      <certificering>2</certificering>
      <status>5</status>
     </analyseresultaat>
     <analyseresultaat>
      <componentcode>980</componentcode>
      <meetwaarde>12.8</meetwaarde>
      <meetwaardeomschrijving>12.8</meetwaardeomschrijving>
      <eenheidcode>6</eenheidcode>
      <referentiecode>1</referentiecode>
      <opmerking></opmerking>
      <certificering>2</certificering>
      <status>5</status>
     </analyseresultaat>
     <analyseresultaat>
      <componentcode>983</componentcode>
      <meetwaarde>7.4</meetwaarde>
      <meetwaardeomschrijving>7.4</meetwaardeomschrijving>
      <eenheidcode>6</eenheidcode>
      <referentiecode>1</referentiecode>
      <opmerking></opmerking>
      <certificering>2</certificering>
      <status>5</status>
     </analyseresultaat>
     <analyseresultaat>
      <componentcode>992</componentcode>
      <meetwaarde>71.1</meetwaarde>
      <meetwaardeomschrijving>71.1</meetwaardeomschrijving>
      <eenheidcode>6</eenheidcode>
      <referentiecode>1</referentiecode>
      <opmerking></opmerking>
      <certificering>2</certificering>
      <status>5</status>
     </analyseresultaat>
     <analyseresultaat>
      <componentcode>996</componentcode>
      <meetwaarde>16.9</meetwaarde>
      <meetwaardeomschrijving>16.9</meetwaardeomschrijving>
      <eenheidcode>6</eenheidcode>
      <referentiecode>1</referentiecode>
      <opmerking></opmerking>
      <certificering>2</certificering>
      <status>5</status>
     </analyseresultaat>
     <analyseresultaat>
      <componentcode>1006</componentcode>
      <meetwaarde>19.2</meetwaarde>
      <meetwaardeomschrijving>19.2</meetwaardeomschrijving>
      <eenheidcode>6</eenheidcode>
      <referentiecode>1</referentiecode>
      <opmerking></opmerking>
      <certificering>2</certificering>
      <status>5</status>
     </analyseresultaat>
     <analyseresultaat>
      <componentcode>1007</componentcode>
      <meetwaarde>92.7</meetwaarde>
      <meetwaardeomschrijving>92.7</meetwaardeomschrijving>
      <eenheidcode>6</eenheidcode>
      <referentiecode>1</referentiecode>
      <opmerking></opmerking>
      <certificering>2</certificering>
      <status>5</status>
     </analyseresultaat>
     <analyseresultaat>
      <componentcode>1011</componentcode>
      <meetwaarde>25.1</meetwaarde>
      <meetwaardeomschrijving>25.1</meetwaardeomschrijving>
      <eenheidcode>6</eenheidcode>
      <referentiecode>1</referentiecode>
      <opmerking></opmerking>
      <certificering>2</certificering>
      <status>5</status>
     </analyseresultaat>
    </analyseresultaten>
   </analysemonster>
  </analysemonsters>
 </projectgegevens>
</labresultaat>
