<?xml version="1.0" encoding="UTF-8" ?>
<labresultaat versie="9.0.0" applicatiecode="19" datum="2025-05-26" klantcode="188050" laboratorium="5" taal="dut">
 <projectgegevens>
   <idopdracht>41174</idopdracht>
   <projectcode>IB-2024-0149-VAK51H</projectcode>
   <projectnaam>Wabo ALE5</projectnaam>
   <opmerking></opmerking>
   <status>5</status>
   <certificaatnummer>1929281</certificaatnummer>
  <analysemonsters>
   <analysemonster>
    <idanlmons>613159874</idanlmons>
    <anlmons>ALE5_PA_MV51_S</anlmons>
    <monstersoort>18</monstersoort>
    <status>5</status>
    <opmerking></opmerking>
    <analyseresultaten>
     <analyseresultaat>
      <componentcode>111</componentcode>
      <meetwaarde>0.001</meetwaarde>
      <meetwaardeomschrijving>&lt; 0.001</meetwaardeomschrijving>
      <eenheidcode>59</eenheidcode>
      <referentiecode>2</referentiecode>
      <opmerking></opmerking>
      <certificering>5</certificering>
      <status>5</status>
     </analyseresultaat>
     <analyseresultaat>
      <componentcode>112</componentcode>
      <meetwaarde>0.001</meetwaarde>
      <meetwaardeomschrijving>&lt; 0.001</meetwaardeomschrijving>
      <eenheidcode>59</eenheidcode>
      <referentiecode>2</referentiecode>
      <opmerking></opmerking>
      <certificering>5</certificering>
      <status>5</status>
     </analyseresultaat>
     <analyseresultaat>
      <componentcode>113</componentcode>
      <meetwaarde>0.001</meetwaarde>
      <meetwaardeomschrijving>&lt; 0.001</meetwaardeomschrijving>
      <eenheidcode>59</eenheidcode>
      <referentiecode>2</referentiecode>
      <opmerking></opmerking>
      <certificering>5</certificering>
      <status>5</status>
     </analyseresultaat>
     <analyseresultaat>
      <componentcode>215</componentcode>
      <meetwaarde>0.002</meetwaarde>
      <meetwaardeomschrijving>0.002</meetwaardeomschrijving>
      <eenheidcode>59</eenheidcode>
      <referentiecode>1</referentiecode>
      <opmerking></opmerking>
      <certificering>5</certificering>
      <status>5</status>
     </analyseresultaat>
     <analyseresultaat>
      <componentcode>216</componentcode>
      <meetwaarde>0.002</meetwaarde>
      <meetwaardeomschrijving>0.002</meetwaardeomschrijving>
      <eenheidcode>59</eenheidcode>
      <referentiecode>1</referentiecode>
      <opmerking></opmerking>
      <certificering>5</certificering>
      <status>5</status>
     </analyseresultaat>
     <analyseresultaat>
      <componentcode>217</componentcode>
      <meetwaarde>0.001</meetwaarde>
      <meetwaardeomschrijving>&lt; 0.001</meetwaardeomschrijving>
      <eenheidcode>59</eenheidcode>
      <referentiecode>2</referentiecode>
      <opmerking></opmerking>
      <certificering>5</certificering>
      <status>5</status>
     </analyseresultaat>
     <analyseresultaat>
      <componentcode>268</componentcode>
      <meetwaarde>0.001</meetwaarde>
      <meetwaardeomschrijving>&lt; 0.001</meetwaardeomschrijving>
      <eenheidcode>59</eenheidcode>
      <referentiecode>2</referentiecode>
      <opmerking></opmerking>
      <certificering>5</certificering>
      <status>5</status>
     </analyseresultaat>
     <analyseresultaat>
      <componentcode>269</componentcode>
      <meetwaarde>0.001</meetwaarde>
      <meetwaardeomschrijving>&lt; 0.001</meetwaardeomschrijving>
      <eenheidcode>59</eenheidcode>
      <referentiecode>2</referentiecode>
      <opmerking></opmerking>
      <certificering>5</certificering>
      <status>5</status>
     </analyseresultaat>
     <analyseresultaat>
      <componentcode>271</componentcode>
      <meetwaarde>0.001</meetwaarde>
      <meetwaardeomschrijving>&lt; 0.001</meetwaardeomschrijving>
      <eenheidcode>59</eenheidcode>
      <referentiecode>2</referentiecode>
      <opmerking></opmerking>
      <certificering>5</certificering>
      <status>5</status>
     </analyseresultaat>
     <analyseresultaat>
      <componentcode>272</componentcode>
      <meetwaarde>0.001</meetwaarde>
      <meetwaardeomschrijving>&lt; 0.001</meetwaardeomschrijving>
      <eenheidcode>59</eenheidcode>
      <referentiecode>2</referentiecode>
      <opmerking></opmerking>
      <certificering>5</certificering>
      <status>5</status>
     </analyseresultaat>
     <analyseresultaat>
      <componentcode>299</componentcode>
      <meetwaarde>0.12</meetwaarde>
      <meetwaardeomschrijving>0.12</meetwaardeomschrijving>
      <eenheidcode>59</eenheidcode>
      <referentiecode>1</referentiecode>
      <opmerking></opmerking>
      <certificering>5</certificering>
      <status>5</status>
     </analyseresultaat>
     <analyseresultaat>
      <componentcode>310</componentcode>
      <meetwaarde>9.9</meetwaarde>
      <meetwaardeomschrijving>9.9</meetwaardeomschrijving>
      <eenheidcode>59</eenheidcode>
      <referentiecode>1</referentiecode>
      <opmerking></opmerking>
      <certificering>5</certificering>
      <status>5</status>
     </analyseresultaat>
     <analyseresultaat>
      <componentcode>333</componentcode>
      <meetwaarde>130</meetwaarde>
      <meetwaardeomschrijving>130</meetwaardeomschrijving>
      <eenheidcode>59</eenheidcode>
      <referentiecode>1</referentiecode>
      <opmerking></opmerking>
      <certificering>5</certificering>
      <status>5</status>
     </analyseresultaat>
     <analyseresultaat>
      <componentcode>345</componentcode>
      <meetwaarde>0.25</meetwaarde>
      <meetwaardeomschrijving>0.25</meetwaardeomschrijving>
      <eenheidcode>59</eenheidcode>
      <referentiecode>1</referentiecode>
      <opmerking></opmerking>
      <certificering>5</certificering>
      <status>5</status>
     </analyseresultaat>
     <analyseresultaat>
      <componentcode>346</componentcode>
      <meetwaarde>0.21</meetwaarde>
      <meetwaardeomschrijving>0.21</meetwaardeomschrijving>
      <eenheidcode>59</eenheidcode>
      <referentiecode>1</referentiecode>
      <opmerking></opmerking>
      <certificering>5</certificering>
      <status>5</status>
     </analyseresultaat>
     <analyseresultaat>
      <componentcode>351</componentcode>
      <meetwaarde>0.18</meetwaarde>
      <meetwaardeomschrijving>0.18</meetwaardeomschrijving>
      <eenheidcode>59</eenheidcode>
      <referentiecode>1</referentiecode>
      <opmerking></opmerking>
      <certificering>5</certificering>
      <status>5</status>
     </analyseresultaat>
     <analyseresultaat>
      <componentcode>353</componentcode>
      <meetwaarde>0.17</meetwaarde>
      <meetwaardeomschrijving>0.17</meetwaardeomschrijving>
      <eenheidcode>59</eenheidcode>
      <referentiecode>1</referentiecode>
      <opmerking></opmerking>
      <certificering>5</certificering>
      <status>5</status>
     </analyseresultaat>
     <analyseresultaat>
      <componentcode>366</componentcode>
      <meetwaarde>0.001</meetwaarde>
      <meetwaardeomschrijving>&lt; 0.001</meetwaardeomschrijving>
      <eenheidcode>59</eenheidcode>
      <referentiecode>2</referentiecode>
      <opmerking></opmerking>
      <certificering>5</certificering>
      <status>5</status>
     </analyseresultaat>
     <analyseresultaat>
      <componentcode>441</componentcode>
      <meetwaarde>0.36</meetwaarde>
      <meetwaardeomschrijving>0.36</meetwaardeomschrijving>
      <eenheidcode>59</eenheidcode>
      <referentiecode>1</referentiecode>
      <opmerking></opmerking>
      <certificering>5</certificering>
      <status>5</status>
     </analyseresultaat>
     <analyseresultaat>
      <componentcode>517</componentcode>
      <meetwaarde>43</meetwaarde>
      <meetwaardeomschrijving>43</meetwaardeomschrijving>
      <eenheidcode>59</eenheidcode>
      <referentiecode>1</referentiecode>
      <opmerking></opmerking>
      <certificering>5</certificering>
      <status>5</status>
     </analyseresultaat>
     <analyseresultaat>
      <componentcode>518</componentcode>
      <meetwaarde>0.33</meetwaarde>
      <meetwaardeomschrijving>0.33</meetwaardeomschrijving>
      <eenheidcode>59</eenheidcode>
      <referentiecode>1</referentiecode>
      <opmerking></opmerking>
      <certificering>5</certificering>
      <status>5</status>
     </analyseresultaat>
     <analyseresultaat>
      <componentcode>522</componentcode>
      <meetwaarde>0.001</meetwaarde>
      <meetwaardeomschrijving>&lt; 0.001</meetwaardeomschrijving>
      <eenheidcode>59</eenheidcode>
      <referentiecode>2</referentiecode>
      <opmerking></opmerking>
      <certificering>5</certificering>
      <status>5</status>
     </analyseresultaat>
     <analyseresultaat>
      <componentcode>527</componentcode>
      <meetwaarde>9.6</meetwaarde>
      <meetwaardeomschrijving>9.6</meetwaardeomschrijving>
      <eenheidcode>59</eenheidcode>
      <referentiecode>1</referentiecode>
      <opmerking></opmerking>
      <certificering>5</certificering>
      <status>5</status>
     </analyseresultaat>
     <analyseresultaat>
      <componentcode>552</componentcode>
      <meetwaarde>0.003</meetwaarde>
      <meetwaardeomschrijving>0.003</meetwaardeomschrijving>
      <eenheidcode>59</eenheidcode>
      <referentiecode>1</referentiecode>
      <opmerking></opmerking>
      <certificering>5</certificering>
      <status>5</status>
     </analyseresultaat>
     <analyseresultaat>
      <componentcode>553</componentcode>
      <meetwaarde>0.003</meetwaarde>
      <meetwaardeomschrijving>0.003</meetwaardeomschrijving>
      <eenheidcode>59</eenheidcode>
      <referentiecode>1</referentiecode>
      <opmerking></opmerking>
      <certificering>5</certificering>
      <status>5</status>
     </analyseresultaat>
     <analyseresultaat>
      <componentcode>554</componentcode>
      <meetwaarde>0.001</meetwaarde>
      <meetwaardeomschrijving>0.001</meetwaardeomschrijving>
      <eenheidcode>59</eenheidcode>
      <referentiecode>6</referentiecode>
      <opmerking></opmerking>
      <certificering>5</certificering>
      <status>5</status>
     </analyseresultaat>
     <analyseresultaat>
      <componentcode>555</componentcode>
      <meetwaarde>0.007</meetwaarde>
      <meetwaardeomschrijving>0.007</meetwaardeomschrijving>
      <eenheidcode>59</eenheidcode>
      <referentiecode>1</referentiecode>
      <opmerking></opmerking>
      <certificering>5</certificering>
      <status>5</status>
     </analyseresultaat>
     <analyseresultaat>
      <componentcode>562</componentcode>
      <meetwaarde>0.001</meetwaarde>
      <meetwaardeomschrijving>&lt; 0.001</meetwaardeomschrijving>
      <eenheidcode>59</eenheidcode>
      <referentiecode>2</referentiecode>
      <opmerking></opmerking>
      <certificering>5</certificering>
      <status>5</status>
     </analyseresultaat>
     <analyseresultaat>
      <componentcode>633</componentcode>
      <meetwaarde>0.001</meetwaarde>
      <meetwaardeomschrijving>&lt; 0.001</meetwaardeomschrijving>
      <eenheidcode>59</eenheidcode>
      <referentiecode>2</referentiecode>
      <opmerking></opmerking>
      <certificering>5</certificering>
      <status>5</status>
     </analyseresultaat>
     <analyseresultaat>
      <componentcode>689</componentcode>
      <meetwaarde>0.002</meetwaarde>
      <meetwaardeomschrijving>0.002</meetwaardeomschrijving>
      <eenheidcode>59</eenheidcode>
      <referentiecode>6</referentiecode>
      <opmerking></opmerking>
      <certificering>5</certificering>
      <status>5</status>
     </analyseresultaat>
     <analyseresultaat>
      <componentcode>692</componentcode>
      <meetwaarde>29.1</meetwaarde>
      <meetwaardeomschrijving>29.1</meetwaardeomschrijving>
      <eenheidcode>3</eenheidcode>
      <referentiecode>1</referentiecode>
      <opmerking></opmerking>
      <certificering>5</certificering>
      <status>5</status>
     </analyseresultaat>
     <analyseresultaat>
      <componentcode>703</componentcode>
      <meetwaarde>0.002</meetwaarde>
      <meetwaardeomschrijving>&lt; 0.002</meetwaardeomschrijving>
      <eenheidcode>59</eenheidcode>
      <referentiecode>2</referentiecode>
      <opmerking></opmerking>
      <certificering>5</certificering>
      <status>5</status>
     </analyseresultaat>
     <analyseresultaat>
      <componentcode>704</componentcode>
      <meetwaarde>0.001</meetwaarde>
      <meetwaardeomschrijving>&lt; 0.001</meetwaardeomschrijving>
      <eenheidcode>59</eenheidcode>
      <referentiecode>2</referentiecode>
      <opmerking></opmerking>
      <certificering>5</certificering>
      <status>5</status>
     </analyseresultaat>
     <analyseresultaat>
      <componentcode>746</componentcode>
      <meetwaarde>0.42</meetwaarde>
      <meetwaardeomschrijving>0.42</meetwaardeomschrijving>
      <eenheidcode>59</eenheidcode>
      <referentiecode>1</referentiecode>
      <opmerking></opmerking>
      <certificering>5</certificering>
      <status>5</status>
     </analyseresultaat>
     <analyseresultaat>
      <componentcode>775</componentcode>
      <meetwaarde>0.94</meetwaarde>
      <meetwaardeomschrijving>0.94</meetwaardeomschrijving>
      <eenheidcode>59</eenheidcode>
      <referentiecode>1</referentiecode>
      <opmerking></opmerking>
      <certificering>5</certificering>
      <status>5</status>
     </analyseresultaat>
     <analyseresultaat>
      <componentcode>816</componentcode>
      <meetwaarde>0.001</meetwaarde>
      <meetwaardeomschrijving>&lt; 0.001</meetwaardeomschrijving>
      <eenheidcode>59</eenheidcode>
      <referentiecode>2</referentiecode>
      <opmerking></opmerking>
      <certificering>5</certificering>
      <status>5</status>
     </analyseresultaat>
     <analyseresultaat>
      <componentcode>831</componentcode>
      <meetwaarde>86.1</meetwaarde>
      <meetwaardeomschrijving>86.1</meetwaardeomschrijving>
      <eenheidcode>123</eenheidcode>
      <referentiecode>1</referentiecode>
      <opmerking></opmerking>
      <certificering>2</certificering>
      <status>5</status>
     </analyseresultaat>
     <analyseresultaat>
      <componentcode>835</componentcode>
      <meetwaarde>13.9</meetwaarde>
      <meetwaardeomschrijving>13.9</meetwaardeomschrijving>
      <eenheidcode>123</eenheidcode>
      <referentiecode>1</referentiecode>
      <opmerking></opmerking>
      <certificering>2</certificering>
      <status>5</status>
     </analyseresultaat>
     <analyseresultaat>
      <componentcode>849</componentcode>
      <meetwaarde>0.003</meetwaarde>
      <meetwaardeomschrijving>0.003</meetwaardeomschrijving>
      <eenheidcode>59</eenheidcode>
      <referentiecode>6</referentiecode>
      <opmerking></opmerking>
      <certificering>5</certificering>
      <status>5</status>
     </analyseresultaat>
     <analyseresultaat>
      <componentcode>853</componentcode>
      <meetwaarde>0.001</meetwaarde>
      <meetwaardeomschrijving>&lt; 0.001</meetwaardeomschrijving>
      <eenheidcode>59</eenheidcode>
      <referentiecode>2</referentiecode>
      <opmerking></opmerking>
      <certificering>5</certificering>
      <status>5</status>
     </analyseresultaat>
     <analyseresultaat>
      <componentcode>861</componentcode>
      <meetwaarde>0.001</meetwaarde>
      <meetwaardeomschrijving>&lt; 0.001</meetwaardeomschrijving>
      <eenheidcode>59</eenheidcode>
      <referentiecode>2</referentiecode>
      <opmerking></opmerking>
      <certificering>5</certificering>
      <status>5</status>
     </analyseresultaat>
     <analyseresultaat>
      <componentcode>879</componentcode>
      <meetwaarde>25000</meetwaarde>
      <meetwaardeomschrijving>25000</meetwaardeomschrijving>
      <eenheidcode>59</eenheidcode>
      <referentiecode>1</referentiecode>
      <opmerking></opmerking>
      <certificering>2</certificering>
      <status>5</status>
     </analyseresultaat>
     <analyseresultaat>
      <componentcode>882</componentcode>
      <meetwaarde>0.21</meetwaarde>
      <meetwaardeomschrijving>0.21</meetwaardeomschrijving>
      <eenheidcode>59</eenheidcode>
      <referentiecode>1</referentiecode>
      <opmerking></opmerking>
      <certificering>5</certificering>
      <status>5</status>
     </analyseresultaat>
     <analyseresultaat>
      <componentcode>907</componentcode>
      <meetwaarde>0.001</meetwaarde>
      <meetwaardeomschrijving>&lt; 0.001</meetwaardeomschrijving>
      <eenheidcode>59</eenheidcode>
      <referentiecode>2</referentiecode>
      <opmerking></opmerking>
      <certificering>5</certificering>
      <status>5</status>
     </analyseresultaat>
     <analyseresultaat>
      <componentcode>971</componentcode>
      <meetwaarde>25</meetwaarde>
      <meetwaardeomschrijving>25</meetwaardeomschrijving>
      <eenheidcode>59</eenheidcode>
      <referentiecode>1</referentiecode>
      <opmerking></opmerking>
      <certificering>5</certificering>
      <status>5</status>
     </analyseresultaat>
     <analyseresultaat>
      <componentcode>980</componentcode>
      <meetwaarde>17.7</meetwaarde>
      <meetwaardeomschrijving>17.7</meetwaardeomschrijving>
      <eenheidcode>123</eenheidcode>
      <referentiecode>1</referentiecode>
      <opmerking></opmerking>
      <certificering>1</certificering>
      <status>5</status>
     </analyseresultaat>
     <analyseresultaat>
      <componentcode>984</componentcode>
      <meetwaarde>82.5</meetwaarde>
      <meetwaardeomschrijving>82.5</meetwaardeomschrijving>
      <eenheidcode>123</eenheidcode>
      <referentiecode>1</referentiecode>
      <opmerking></opmerking>
      <certificering>2</certificering>
      <status>5</status>
     </analyseresultaat>
     <analyseresultaat>
      <componentcode>992</componentcode>
      <meetwaarde>67.9</meetwaarde>
      <meetwaardeomschrijving>67.9</meetwaardeomschrijving>
      <eenheidcode>123</eenheidcode>
      <referentiecode>1</referentiecode>
      <opmerking></opmerking>
      <certificering>2</certificering>
      <status>5</status>
     </analyseresultaat>
     <analyseresultaat>
      <componentcode>996</componentcode>
      <meetwaarde>36.0</meetwaarde>
      <meetwaardeomschrijving>36.0</meetwaardeomschrijving>
      <eenheidcode>123</eenheidcode>
      <referentiecode>1</referentiecode>
      <opmerking></opmerking>
      <certificering>2</certificering>
      <status>5</status>
     </analyseresultaat>
     <analyseresultaat>
      <componentcode>1011</componentcode>
      <meetwaarde>49.5</meetwaarde>
      <meetwaardeomschrijving>49.5</meetwaardeomschrijving>
      <eenheidcode>123</eenheidcode>
      <referentiecode>1</referentiecode>
      <opmerking></opmerking>
      <certificering>2</certificering>
      <status>5</status>
     </analyseresultaat>
     <analyseresultaat>
      <componentcode>1097</componentcode>
      <meetwaarde>0.15</meetwaarde>
      <meetwaardeomschrijving>0.15</meetwaardeomschrijving>
      <eenheidcode>59</eenheidcode>
      <referentiecode>1</referentiecode>
      <opmerking></opmerking>
      <certificering>5</certificering>
      <status>5</status>
     </analyseresultaat>
     <analyseresultaat>
      <componentcode>1116</componentcode>
      <meetwaarde>75</meetwaarde>
      <meetwaardeomschrijving>75</meetwaardeomschrijving>
      <eenheidcode>59</eenheidcode>
      <referentiecode>1</referentiecode>
      <opmerking></opmerking>
      <certificering>5</certificering>
      <status>5</status>
     </analyseresultaat>
     <analyseresultaat>
      <componentcode>1118</componentcode>
      <meetwaarde>9.0</meetwaarde>
      <meetwaardeomschrijving>9.0</meetwaardeomschrijving>
      <eenheidcode>123</eenheidcode>
      <referentiecode>1</referentiecode>
      <opmerking></opmerking>
      <certificering>5</certificering>
      <status>5</status>
     </analyseresultaat>
     <analyseresultaat>
      <componentcode>1207</componentcode>
      <meetwaarde>260</meetwaarde>
      <meetwaardeomschrijving>260</meetwaardeomschrijving>
      <eenheidcode>59</eenheidcode>
      <referentiecode>1</referentiecode>
      <opmerking></opmerking>
      <certificering>5</certificering>
      <status>5</status>
     </analyseresultaat>
     <analyseresultaat>
      <componentcode>1243</componentcode>
      <meetwaarde>1.5</meetwaarde>
      <meetwaardeomschrijving>&lt;1.5</meetwaardeomschrijving>
      <eenheidcode>59</eenheidcode>
      <referentiecode>2</referentiecode>
      <opmerking></opmerking>
      <certificering>5</certificering>
      <status>5</status>
     </analyseresultaat>
     <analyseresultaat>
      <componentcode>1259</componentcode>
      <meetwaarde>0.05</meetwaarde>
      <meetwaardeomschrijving>&lt; 0.05</meetwaardeomschrijving>
      <eenheidcode>59</eenheidcode>
      <referentiecode>2</referentiecode>
      <opmerking></opmerking>
      <certificering>5</certificering>
      <status>5</status>
     </analyseresultaat>
     <analyseresultaat>
      <componentcode>1267</componentcode>
      <meetwaarde>31</meetwaarde>
      <meetwaardeomschrijving>31</meetwaardeomschrijving>
      <eenheidcode>59</eenheidcode>
      <referentiecode>1</referentiecode>
      <opmerking></opmerking>
      <certificering>5</certificering>
      <status>5</status>
     </analyseresultaat>
     <analyseresultaat>
      <componentcode>1319</componentcode>
      <meetwaarde>13.3</meetwaarde>
      <meetwaardeomschrijving>13.3</meetwaardeomschrijving>
      <eenheidcode>123</eenheidcode>
      <referentiecode>1</referentiecode>
      <opmerking></opmerking>
      <certificering>5</certificering>
      <status>5</status>
     </analyseresultaat>
     <analyseresultaat>
      <componentcode>1352</componentcode>
      <meetwaarde>2.9</meetwaarde>
      <meetwaardeomschrijving>2.9</meetwaardeomschrijving>
      <eenheidcode>59</eenheidcode>
      <referentiecode>1</referentiecode>
      <opmerking></opmerking>
      <certificering>5</certificering>
      <status>5</status>
     </analyseresultaat>
     <analyseresultaat>
      <componentcode>1372</componentcode>
      <meetwaarde>0.001</meetwaarde>
      <meetwaardeomschrijving>&lt; 0.001</meetwaardeomschrijving>
      <eenheidcode>59</eenheidcode>
      <referentiecode>2</referentiecode>
      <opmerking></opmerking>
      <certificering>5</certificering>
      <status>5</status>
     </analyseresultaat>
     <analyseresultaat>
      <componentcode>1374</componentcode>
      <meetwaarde>0.001</meetwaarde>
      <meetwaardeomschrijving>&lt; 0.001</meetwaardeomschrijving>
      <eenheidcode>59</eenheidcode>
      <referentiecode>2</referentiecode>
      <opmerking></opmerking>
      <certificering>5</certificering>
      <status>5</status>
     </analyseresultaat>
     <analyseresultaat>
      <componentcode>1376</componentcode>
      <meetwaarde>0.001</meetwaarde>
      <meetwaardeomschrijving>0.001</meetwaardeomschrijving>
      <eenheidcode>59</eenheidcode>
      <referentiecode>1</referentiecode>
      <opmerking></opmerking>
      <certificering>5</certificering>
      <status>5</status>
     </analyseresultaat>
     <analyseresultaat>
      <componentcode>1377</componentcode>
      <meetwaarde>0.001</meetwaarde>
      <meetwaardeomschrijving>0.001</meetwaardeomschrijving>
      <eenheidcode>59</eenheidcode>
      <referentiecode>1</referentiecode>
      <opmerking></opmerking>
      <certificering>5</certificering>
      <status>5</status>
     </analyseresultaat>
     <analyseresultaat>
      <componentcode>1380</componentcode>
      <meetwaarde>0.001</meetwaarde>
      <meetwaardeomschrijving>&lt; 0.001</meetwaardeomschrijving>
      <eenheidcode>59</eenheidcode>
      <referentiecode>2</referentiecode>
      <opmerking></opmerking>
      <certificering>5</certificering>
      <status>5</status>
     </analyseresultaat>
     <analyseresultaat>
      <componentcode>1381</componentcode>
      <meetwaarde>0.001</meetwaarde>
      <meetwaardeomschrijving>&lt; 0.001</meetwaardeomschrijving>
      <eenheidcode>59</eenheidcode>
      <referentiecode>2</referentiecode>
      <opmerking></opmerking>
      <certificering>5</certificering>
      <status>5</status>
     </analyseresultaat>
     <analyseresultaat>
      <componentcode>1382</componentcode>
      <meetwaarde>0.001</meetwaarde>
      <meetwaardeomschrijving>&lt; 0.001</meetwaardeomschrijving>
      <eenheidcode>59</eenheidcode>
      <referentiecode>2</referentiecode>
      <opmerking></opmerking>
      <certificering>5</certificering>
      <status>5</status>
     </analyseresultaat>
     <analyseresultaat>
      <componentcode>1387</componentcode>
      <meetwaarde>0.001</meetwaarde>
      <meetwaardeomschrijving>&lt; 0.001</meetwaardeomschrijving>
      <eenheidcode>59</eenheidcode>
      <referentiecode>2</referentiecode>
      <opmerking></opmerking>
      <certificering>5</certificering>
      <status>5</status>
     </analyseresultaat>
     <analyseresultaat>
      <componentcode>1390</componentcode>
      <meetwaarde>0.003</meetwaarde>
      <meetwaardeomschrijving>&lt; 0.003</meetwaardeomschrijving>
      <eenheidcode>59</eenheidcode>
      <referentiecode>2</referentiecode>
      <opmerking></opmerking>
      <certificering>5</certificering>
      <status>5</status>
     </analyseresultaat>
     <analyseresultaat>
      <componentcode>1521</componentcode>
      <meetwaarde>0.001</meetwaarde>
      <meetwaardeomschrijving>&lt; 0.001</meetwaardeomschrijving>
      <eenheidcode>59</eenheidcode>
      <referentiecode>2</referentiecode>
      <opmerking></opmerking>
      <certificering>5</certificering>
      <status>5</status>
     </analyseresultaat>
     <analyseresultaat>
      <componentcode>1580</componentcode>
      <meetwaarde>0.001</meetwaarde>
      <meetwaardeomschrijving>&lt; 0.001</meetwaardeomschrijving>
      <eenheidcode>59</eenheidcode>
      <referentiecode>2</referentiecode>
      <opmerking></opmerking>
      <certificering>5</certificering>
      <status>5</status>
     </analyseresultaat>
     <analyseresultaat>
      <componentcode>1581</componentcode>
      <meetwaarde>0.001</meetwaarde>
      <meetwaardeomschrijving>&lt; 0.001</meetwaardeomschrijving>
      <eenheidcode>59</eenheidcode>
      <referentiecode>2</referentiecode>
      <opmerking></opmerking>
      <certificering>5</certificering>
      <status>5</status>
     </analyseresultaat>
     <analyseresultaat>
      <componentcode>1693</componentcode>
      <meetwaarde>160</meetwaarde>
      <meetwaardeomschrijving>160</meetwaardeomschrijving>
      <eenheidcode>59</eenheidcode>
      <referentiecode>1</referentiecode>
      <opmerking></opmerking>
      <certificering>5</certificering>
      <status>5</status>
     </analyseresultaat>
     <analyseresultaat>
      <componentcode>2146</componentcode>
      <meetwaarde>0.001</meetwaarde>
      <meetwaardeomschrijving>&lt; 0.001</meetwaardeomschrijving>
      <eenheidcode>59</eenheidcode>
      <referentiecode>2</referentiecode>
      <opmerking></opmerking>
      <certificering>5</certificering>
      <status>5</status>
     </analyseresultaat>
     <analyseresultaat>
      <componentcode>2359</componentcode>
      <meetwaardeomschrijving>n.v.t.</meetwaardeomschrijving>
      <eenheidcode>119</eenheidcode>
      <referentiecode>1</referentiecode>
      <opmerking></opmerking>
      <certificering>5</certificering>
      <status>5</status>
     </analyseresultaat>
     <analyseresultaat>
      <componentcode>2360</componentcode>
      <meetwaardeomschrijving>n.v.t.</meetwaardeomschrijving>
      <eenheidcode>27</eenheidcode>
      <referentiecode>1</referentiecode>
      <opmerking></opmerking>
      <certificering>5</certificering>
      <status>5</status>
     </analyseresultaat>
     <analyseresultaat>
      <componentcode>2380</componentcode>
      <meetwaarde>0.006</meetwaarde>
      <meetwaardeomschrijving>0.006</meetwaardeomschrijving>
      <eenheidcode>59</eenheidcode>
      <referentiecode>1</referentiecode>
      <opmerking></opmerking>
      <certificering>5</certificering>
      <status>5</status>
     </analyseresultaat>
     <analyseresultaat>
      <componentcode>2385</componentcode>
      <meetwaarde>0.001</meetwaarde>
      <meetwaardeomschrijving>0.001</meetwaardeomschrijving>
      <eenheidcode>59</eenheidcode>
      <referentiecode>6</referentiecode>
      <opmerking></opmerking>
      <certificering>5</certificering>
      <status>5</status>
     </analyseresultaat>
     <analyseresultaat>
      <componentcode>2386</componentcode>
      <meetwaarde>0.001</meetwaarde>
      <meetwaardeomschrijving>0.001</meetwaardeomschrijving>
      <eenheidcode>59</eenheidcode>
      <referentiecode>6</referentiecode>
      <opmerking></opmerking>
      <certificering>5</certificering>
      <status>5</status>
     </analyseresultaat>
     <analyseresultaat>
      <componentcode>2571</componentcode>
      <meetwaarde>0.017</meetwaarde>
      <meetwaardeomschrijving>0.017</meetwaardeomschrijving>
      <eenheidcode>59</eenheidcode>
      <referentiecode>1</referentiecode>
      <opmerking></opmerking>
      <certificering>1</certificering>
      <status>5</status>
     </analyseresultaat>
     <analyseresultaat>
      <componentcode>2717</componentcode>
      <meetwaarde>0.019</meetwaarde>
      <meetwaardeomschrijving>0.019</meetwaardeomschrijving>
      <eenheidcode>59</eenheidcode>
      <referentiecode>1</referentiecode>
      <opmerking></opmerking>
      <certificering>1</certificering>
      <status>5</status>
     </analyseresultaat>
     <analyseresultaat>
      <componentcode>4188</componentcode>
      <meetwaarde>810</meetwaarde>
      <meetwaardeomschrijving>810</meetwaardeomschrijving>
      <eenheidcode>109</eenheidcode>
      <referentiecode>1</referentiecode>
      <opmerking></opmerking>
      <certificering>2</certificering>
      <status>5</status>
     </analyseresultaat>
    </analyseresultaten>
   </analysemonster>
  </analysemonsters>
 </projectgegevens>
</labresultaat>
